Location,Count,Max,Timestamp
Nick Level 1 Fitness,29,150,2024-02-08 10:45:05
Nick Level 2 Fitness,23,100,2024-02-08 10:45:05
Nick Level 3 Fitness,42,200,2024-02-08 10:45:05
Nick Power House,38,140,2024-02-08 10:45:05
Nick Track,10,100,2024-02-08 10:45:05
Soderholm Family Aquatic Center,,,2024-02-08 10:45:05
Nick Courts 1 & 2,,,2024-02-08 10:45:05
Nick Courts 3-6,2,500,2024-02-08 10:45:05
Nick Courts 7 & 8,2,250,2024-02-08 10:45:05
Level 1 Fitness,24,130,2024-02-08 10:45:24
Level 2 Fitness,6,65,2024-02-08 10:45:24
Level 3 Fitness,23,246,2024-02-08 10:45:24
Level 4 Fitness,2,75,2024-02-08 10:45:24
Bakke Track,1,100,2024-02-08 10:45:24
Courts 1&2,15,250,2024-02-08 10:45:24
Courts 3&4,0,250,2024-02-08 10:45:24
Courts 5-8,2,500,2024-02-08 10:45:24
Orbit,14,46,2024-02-08 10:45:24
Willow Room,0,27,2024-02-08 10:45:24
Cove Pool,,,2024-02-08 10:45:24
Mount Mendota,,,2024-02-08 10:45:24
Skybox Suites,3,18,2024-02-08 10:45:24
SubZero Ice Center,0,300,2024-02-08 10:45:24
Nick Level 1 Fitness,29,150,2024-02-08 11:05:38
Nick Level 2 Fitness,23,100,2024-02-08 11:05:38
Nick Level 3 Fitness,42,200,2024-02-08 11:05:38
Nick Power House,38,140,2024-02-08 11:05:38
Nick Track,10,100,2024-02-08 11:05:38
Soderholm Family Aquatic Center,,,2024-02-08 11:05:38
Nick Courts 1 & 2,,,2024-02-08 11:05:38
Nick Courts 3-6,2,500,2024-02-08 11:05:38
Nick Courts 7 & 8,2,250,2024-02-08 11:05:38
Level 1 Fitness,24,130,2024-02-08 11:05:51
Level 2 Fitness,6,65,2024-02-08 11:05:51
Level 3 Fitness,23,246,2024-02-08 11:05:51
Level 4 Fitness,2,75,2024-02-08 11:05:51
Bakke Track,1,100,2024-02-08 11:05:51
Courts 1&2,15,250,2024-02-08 11:05:51
Courts 3&4,0,250,2024-02-08 11:05:51
Courts 5-8,2,500,2024-02-08 11:05:51
Orbit,14,46,2024-02-08 11:05:51
Willow Room,0,27,2024-02-08 11:05:51
Cove Pool,,,2024-02-08 11:05:51
Mount Mendota,,,2024-02-08 11:05:51
Skybox Suites,3,18,2024-02-08 11:05:51
SubZero Ice Center,0,300,2024-02-08 11:05:51
Nick Level 1 Fitness,32,150,2024-02-08 11:26:05
Nick Level 2 Fitness,31,100,2024-02-08 11:26:05
Nick Level 3 Fitness,47,200,2024-02-08 11:26:05
Nick Power House,45,140,2024-02-08 11:26:05
Nick Track,12,100,2024-02-08 11:26:05
Soderholm Family Aquatic Center,5,230,2024-02-08 11:26:05
Nick Courts 1 & 2,,,2024-02-08 11:26:05
Nick Courts 3-6,16,500,2024-02-08 11:26:05
Nick Courts 7 & 8,0,250,2024-02-08 11:26:05
Level 1 Fitness,24,130,2024-02-08 11:26:19
Level 2 Fitness,6,65,2024-02-08 11:26:19
Level 3 Fitness,23,246,2024-02-08 11:26:19
Level 4 Fitness,2,75,2024-02-08 11:26:19
Bakke Track,1,100,2024-02-08 11:26:19
Courts 1&2,15,250,2024-02-08 11:26:19
Courts 3&4,0,250,2024-02-08 11:26:19
Courts 5-8,2,500,2024-02-08 11:26:19
Orbit,14,46,2024-02-08 11:26:19
Willow Room,0,27,2024-02-08 11:26:19
Cove Pool,,,2024-02-08 11:26:19
Mount Mendota,,,2024-02-08 11:26:19
Skybox Suites,3,18,2024-02-08 11:26:19
SubZero Ice Center,0,300,2024-02-08 11:26:19
Nick Level 1 Fitness,32,150,2024-02-08 11:46:32
Nick Level 2 Fitness,31,100,2024-02-08 11:46:32
Nick Level 3 Fitness,47,200,2024-02-08 11:46:32
Nick Power House,45,140,2024-02-08 11:46:32
Nick Track,12,100,2024-02-08 11:46:32
Soderholm Family Aquatic Center,5,230,2024-02-08 11:46:32
Nick Courts 1 & 2,,,2024-02-08 11:46:32
Nick Courts 3-6,16,500,2024-02-08 11:46:32
Nick Courts 7 & 8,0,250,2024-02-08 11:46:32
Level 1 Fitness,32,130,2024-02-08 11:46:46
Level 2 Fitness,6,65,2024-02-08 11:46:46
Level 3 Fitness,29,246,2024-02-08 11:46:46
Level 4 Fitness,6,75,2024-02-08 11:46:46
Bakke Track,2,100,2024-02-08 11:46:46
Courts 1&2,4,250,2024-02-08 11:46:46
Courts 3&4,0,250,2024-02-08 11:46:46
Courts 5-8,2,500,2024-02-08 11:46:46
Orbit,10,46,2024-02-08 11:46:46
Willow Room,2,27,2024-02-08 11:46:46
Cove Pool,3,116,2024-02-08 11:46:46
Mount Mendota,,,2024-02-08 11:46:46
Skybox Suites,4,18,2024-02-08 11:46:46
SubZero Ice Center,0,300,2024-02-08 11:46:46
Nick Level 1 Fitness,32,150,2024-02-08 12:07:00
Nick Level 2 Fitness,31,100,2024-02-08 12:07:00
Nick Level 3 Fitness,47,200,2024-02-08 12:07:00
Nick Power House,45,140,2024-02-08 12:07:00
Nick Track,12,100,2024-02-08 12:07:00
Soderholm Family Aquatic Center,5,230,2024-02-08 12:07:00
Nick Courts 1 & 2,,,2024-02-08 12:07:00
Nick Courts 3-6,16,500,2024-02-08 12:07:00
Nick Courts 7 & 8,0,250,2024-02-08 12:07:00
Level 1 Fitness,32,130,2024-02-08 12:07:13
Level 2 Fitness,6,65,2024-02-08 12:07:13
Level 3 Fitness,29,246,2024-02-08 12:07:13
Level 4 Fitness,6,75,2024-02-08 12:07:13
Bakke Track,2,100,2024-02-08 12:07:13
Courts 1&2,4,250,2024-02-08 12:07:13
Courts 3&4,0,250,2024-02-08 12:07:13
Courts 5-8,2,500,2024-02-08 12:07:13
Orbit,10,46,2024-02-08 12:07:13
Willow Room,2,27,2024-02-08 12:07:13
Cove Pool,3,116,2024-02-08 12:07:13
Mount Mendota,,,2024-02-08 12:07:13
Skybox Suites,4,18,2024-02-08 12:07:13
SubZero Ice Center,0,300,2024-02-08 12:07:13
Nick Level 1 Fitness,35,150,2024-02-08 12:27:27
Nick Level 2 Fitness,33,100,2024-02-08 12:27:27
Nick Level 3 Fitness,48,200,2024-02-08 12:27:27
Nick Power House,43,140,2024-02-08 12:27:27
Nick Track,11,100,2024-02-08 12:27:27
Soderholm Family Aquatic Center,5,230,2024-02-08 12:27:27
Nick Courts 1 & 2,,,2024-02-08 12:27:27
Nick Courts 3-6,16,500,2024-02-08 12:27:27
Nick Courts 7 & 8,2,250,2024-02-08 12:27:27
Level 1 Fitness,32,130,2024-02-08 12:27:40
Level 2 Fitness,6,65,2024-02-08 12:27:40
Level 3 Fitness,29,246,2024-02-08 12:27:40
Level 4 Fitness,6,75,2024-02-08 12:27:40
Bakke Track,2,100,2024-02-08 12:27:40
Courts 1&2,4,250,2024-02-08 12:27:40
Courts 3&4,0,250,2024-02-08 12:27:40
Courts 5-8,2,500,2024-02-08 12:27:40
Orbit,10,46,2024-02-08 12:27:40
Willow Room,2,27,2024-02-08 12:27:40
Cove Pool,3,116,2024-02-08 12:27:40
Mount Mendota,,,2024-02-08 12:27:40
Skybox Suites,4,18,2024-02-08 12:27:40
SubZero Ice Center,0,300,2024-02-08 12:27:40
Nick Level 1 Fitness,35,150,2024-02-08 12:47:54
Nick Level 2 Fitness,33,100,2024-02-08 12:47:54
Nick Level 3 Fitness,48,200,2024-02-08 12:47:54
Nick Power House,43,140,2024-02-08 12:47:54
Nick Track,11,100,2024-02-08 12:47:54
Soderholm Family Aquatic Center,5,230,2024-02-08 12:47:54
Nick Courts 1 & 2,,,2024-02-08 12:47:54
Nick Courts 3-6,16,500,2024-02-08 12:47:54
Nick Courts 7 & 8,2,250,2024-02-08 12:47:54
Level 1 Fitness,32,130,2024-02-08 12:48:08
Level 2 Fitness,6,65,2024-02-08 12:48:08
Level 3 Fitness,29,246,2024-02-08 12:48:08
Level 4 Fitness,6,75,2024-02-08 12:48:08
Bakke Track,2,100,2024-02-08 12:48:08
Courts 1&2,4,250,2024-02-08 12:48:08
Courts 3&4,0,250,2024-02-08 12:48:08
Courts 5-8,2,500,2024-02-08 12:48:08
Orbit,10,46,2024-02-08 12:48:08
Willow Room,2,27,2024-02-08 12:48:08
Cove Pool,3,116,2024-02-08 12:48:08
Mount Mendota,,,2024-02-08 12:48:08
Skybox Suites,4,18,2024-02-08 12:48:08
SubZero Ice Center,0,300,2024-02-08 12:48:08
Nick Level 1 Fitness,35,150,2024-02-08 13:08:21
Nick Level 2 Fitness,33,100,2024-02-08 13:08:21
Nick Level 3 Fitness,48,200,2024-02-08 13:08:21
Nick Power House,43,140,2024-02-08 13:08:21
Nick Track,11,100,2024-02-08 13:08:21
Soderholm Family Aquatic Center,13,230,2024-02-08 13:08:21
Nick Courts 1 & 2,,,2024-02-08 13:08:21
Nick Courts 3-6,16,500,2024-02-08 13:08:21
Nick Courts 7 & 8,2,250,2024-02-08 13:08:21
Level 1 Fitness,32,130,2024-02-08 13:08:35
Level 2 Fitness,6,65,2024-02-08 13:08:35
Level 3 Fitness,29,246,2024-02-08 13:08:35
Level 4 Fitness,6,75,2024-02-08 13:08:35
Bakke Track,2,100,2024-02-08 13:08:35
Courts 1&2,4,250,2024-02-08 13:08:35
Courts 3&4,0,250,2024-02-08 13:08:35
Courts 5-8,2,500,2024-02-08 13:08:35
Orbit,10,46,2024-02-08 13:08:35
Willow Room,2,27,2024-02-08 13:08:35
Cove Pool,3,116,2024-02-08 13:08:35
Mount Mendota,,,2024-02-08 13:08:35
Skybox Suites,4,18,2024-02-08 13:08:35
SubZero Ice Center,0,300,2024-02-08 13:08:35
Nick Level 1 Fitness,35,150,2024-02-08 13:28:48
Nick Level 2 Fitness,33,100,2024-02-08 13:28:48
Nick Level 3 Fitness,48,200,2024-02-08 13:28:48
Nick Power House,43,140,2024-02-08 13:28:48
Nick Track,11,100,2024-02-08 13:28:48
Soderholm Family Aquatic Center,13,230,2024-02-08 13:28:48
Nick Courts 1 & 2,,,2024-02-08 13:28:48
Nick Courts 3-6,16,500,2024-02-08 13:28:48
Nick Courts 7 & 8,2,250,2024-02-08 13:28:48
Level 1 Fitness,32,130,2024-02-08 13:29:02
Level 2 Fitness,6,65,2024-02-08 13:29:02
Level 3 Fitness,29,246,2024-02-08 13:29:02
Level 4 Fitness,6,75,2024-02-08 13:29:02
Bakke Track,2,100,2024-02-08 13:29:02
Courts 1&2,4,250,2024-02-08 13:29:02
Courts 3&4,0,250,2024-02-08 13:29:02
Courts 5-8,2,500,2024-02-08 13:29:02
Orbit,10,46,2024-02-08 13:29:02
Willow Room,2,27,2024-02-08 13:29:02
Cove Pool,3,116,2024-02-08 13:29:02
Mount Mendota,,,2024-02-08 13:29:02
Skybox Suites,4,18,2024-02-08 13:29:02
SubZero Ice Center,0,300,2024-02-08 13:29:02
Nick Level 1 Fitness,36,150,2024-02-08 13:49:15
Nick Level 2 Fitness,31,100,2024-02-08 13:49:15
Nick Level 3 Fitness,56,200,2024-02-08 13:49:15
Nick Power House,41,140,2024-02-08 13:49:15
Nick Track,14,100,2024-02-08 13:49:15
Soderholm Family Aquatic Center,13,230,2024-02-08 13:49:15
Nick Courts 1 & 2,,,2024-02-08 13:49:15
Nick Courts 3-6,29,500,2024-02-08 13:49:15
Nick Courts 7 & 8,0,250,2024-02-08 13:49:15
Level 1 Fitness,37,130,2024-02-08 13:49:29
Level 2 Fitness,6,65,2024-02-08 13:49:29
Level 3 Fitness,30,246,2024-02-08 13:49:29
Level 4 Fitness,15,75,2024-02-08 13:49:29
Bakke Track,6,100,2024-02-08 13:49:29
Courts 1&2,1,250,2024-02-08 13:49:29
Courts 3&4,3,250,2024-02-08 13:49:29
Courts 5-8,7,500,2024-02-08 13:49:29
Orbit,13,46,2024-02-08 13:49:29
Willow Room,1,27,2024-02-08 13:49:29
Cove Pool,11,116,2024-02-08 13:49:29
Mount Mendota,5,39,2024-02-08 13:49:29
Skybox Suites,3,18,2024-02-08 13:49:29
SubZero Ice Center,5,300,2024-02-08 13:49:29
Nick Level 1 Fitness,36,150,2024-02-08 14:09:43
Nick Level 2 Fitness,31,100,2024-02-08 14:09:43
Nick Level 3 Fitness,56,200,2024-02-08 14:09:43
Nick Power House,41,140,2024-02-08 14:09:43
Nick Track,14,100,2024-02-08 14:09:43
Soderholm Family Aquatic Center,13,230,2024-02-08 14:09:43
Nick Courts 1 & 2,,,2024-02-08 14:09:43
Nick Courts 3-6,29,500,2024-02-08 14:09:43
Nick Courts 7 & 8,0,250,2024-02-08 14:09:43
Level 1 Fitness,37,130,2024-02-08 14:09:56
Level 2 Fitness,6,65,2024-02-08 14:09:56
Level 3 Fitness,30,246,2024-02-08 14:09:56
Level 4 Fitness,15,75,2024-02-08 14:09:56
Bakke Track,6,100,2024-02-08 14:09:56
Courts 1&2,1,250,2024-02-08 14:09:56
Courts 3&4,3,250,2024-02-08 14:09:56
Courts 5-8,7,500,2024-02-08 14:09:56
Orbit,13,46,2024-02-08 14:09:56
Willow Room,1,27,2024-02-08 14:09:56
Cove Pool,11,116,2024-02-08 14:09:56
Mount Mendota,5,39,2024-02-08 14:09:56
Skybox Suites,3,18,2024-02-08 14:09:56
SubZero Ice Center,5,300,2024-02-08 14:09:56
Nick Level 1 Fitness,36,150,2024-02-08 14:30:10
Nick Level 2 Fitness,31,100,2024-02-08 14:30:10
Nick Level 3 Fitness,56,200,2024-02-08 14:30:10
Nick Power House,41,140,2024-02-08 14:30:10
Nick Track,14,100,2024-02-08 14:30:10
Soderholm Family Aquatic Center,13,230,2024-02-08 14:30:10
Nick Courts 1 & 2,,,2024-02-08 14:30:10
Nick Courts 3-6,29,500,2024-02-08 14:30:10
Nick Courts 7 & 8,0,250,2024-02-08 14:30:10
Level 1 Fitness,25,130,2024-02-08 14:30:24
Level 2 Fitness,7,65,2024-02-08 14:30:24
Level 3 Fitness,32,246,2024-02-08 14:30:24
Level 4 Fitness,13,75,2024-02-08 14:30:24
Bakke Track,4,100,2024-02-08 14:30:24
Courts 1&2,1,250,2024-02-08 14:30:24
Courts 3&4,0,250,2024-02-08 14:30:24
Courts 5-8,10,500,2024-02-08 14:30:24
Orbit,10,46,2024-02-08 14:30:24
Willow Room,3,27,2024-02-08 14:30:24
Cove Pool,6,116,2024-02-08 14:30:24
Mount Mendota,2,39,2024-02-08 14:30:24
Skybox Suites,3,18,2024-02-08 14:30:24
SubZero Ice Center,2,300,2024-02-08 14:30:24
Nick Level 1 Fitness,41,150,2024-02-08 14:50:37
Nick Level 2 Fitness,31,100,2024-02-08 14:50:37
Nick Level 3 Fitness,58,200,2024-02-08 14:50:37
Nick Power House,36,140,2024-02-08 14:50:37
Nick Track,13,100,2024-02-08 14:50:37
Soderholm Family Aquatic Center,,,2024-02-08 14:50:37
Nick Courts 1 & 2,,,2024-02-08 14:50:37
Nick Courts 3-6,30,500,2024-02-08 14:50:37
Nick Courts 7 & 8,9,250,2024-02-08 14:50:37
Level 1 Fitness,25,130,2024-02-08 14:50:51
Level 2 Fitness,7,65,2024-02-08 14:50:51
Level 3 Fitness,32,246,2024-02-08 14:50:51
Level 4 Fitness,13,75,2024-02-08 14:50:51
Bakke Track,4,100,2024-02-08 14:50:51
Courts 1&2,1,250,2024-02-08 14:50:51
Courts 3&4,0,250,2024-02-08 14:50:51
Courts 5-8,10,500,2024-02-08 14:50:51
Orbit,10,46,2024-02-08 14:50:51
Willow Room,3,27,2024-02-08 14:50:51
Cove Pool,2,116,2024-02-08 14:50:51
Mount Mendota,2,39,2024-02-08 14:50:51
Skybox Suites,3,18,2024-02-08 14:50:51
SubZero Ice Center,2,300,2024-02-08 14:50:51
Nick Level 1 Fitness,41,150,2024-02-08 15:11:04
Nick Level 2 Fitness,31,100,2024-02-08 15:11:04
Nick Level 3 Fitness,58,200,2024-02-08 15:11:04
Nick Power House,36,140,2024-02-08 15:11:04
Nick Track,13,100,2024-02-08 15:11:04
Soderholm Family Aquatic Center,,,2024-02-08 15:11:04
Nick Courts 1 & 2,,,2024-02-08 15:11:04
Nick Courts 3-6,30,500,2024-02-08 15:11:04
Nick Courts 7 & 8,9,250,2024-02-08 15:11:04
Level 1 Fitness,25,130,2024-02-08 15:11:18
Level 2 Fitness,7,65,2024-02-08 15:11:18
Level 3 Fitness,32,246,2024-02-08 15:11:18
Level 4 Fitness,13,75,2024-02-08 15:11:18
Bakke Track,4,100,2024-02-08 15:11:18
Courts 1&2,1,250,2024-02-08 15:11:18
Courts 3&4,0,250,2024-02-08 15:11:18
Courts 5-8,10,500,2024-02-08 15:11:18
Orbit,10,46,2024-02-08 15:11:18
Willow Room,3,27,2024-02-08 15:11:18
Cove Pool,2,116,2024-02-08 15:11:18
Mount Mendota,2,39,2024-02-08 15:11:18
Skybox Suites,3,18,2024-02-08 15:11:18
SubZero Ice Center,10,300,2024-02-08 15:11:18
Nick Level 1 Fitness,41,150,2024-02-08 15:31:32
Nick Level 2 Fitness,31,100,2024-02-08 15:31:32
Nick Level 3 Fitness,58,200,2024-02-08 15:31:32
Nick Power House,36,140,2024-02-08 15:31:32
Nick Track,13,100,2024-02-08 15:31:32
Soderholm Family Aquatic Center,,,2024-02-08 15:31:32
Nick Courts 1 & 2,,,2024-02-08 15:31:32
Nick Courts 3-6,30,500,2024-02-08 15:31:32
Nick Courts 7 & 8,9,250,2024-02-08 15:31:32
Level 1 Fitness,25,130,2024-02-08 15:31:45
Level 2 Fitness,7,65,2024-02-08 15:31:45
Level 3 Fitness,32,246,2024-02-08 15:31:45
Level 4 Fitness,13,75,2024-02-08 15:31:45
Bakke Track,4,100,2024-02-08 15:31:45
Courts 1&2,1,250,2024-02-08 15:31:45
Courts 3&4,0,250,2024-02-08 15:31:45
Courts 5-8,10,500,2024-02-08 15:31:45
Orbit,10,46,2024-02-08 15:31:45
Willow Room,3,27,2024-02-08 15:31:45
Cove Pool,2,116,2024-02-08 15:31:45
Mount Mendota,2,39,2024-02-08 15:31:45
Skybox Suites,3,18,2024-02-08 15:31:45
SubZero Ice Center,10,300,2024-02-08 15:31:45
Nick Level 1 Fitness,45,150,2024-02-08 15:51:59
Nick Level 2 Fitness,40,100,2024-02-08 15:51:59
Nick Level 3 Fitness,85,200,2024-02-08 15:51:59
Nick Power House,45,140,2024-02-08 15:51:59
Nick Track,16,100,2024-02-08 15:51:59
Soderholm Family Aquatic Center,,,2024-02-08 15:51:59
Nick Courts 1 & 2,,,2024-02-08 15:51:59
Nick Courts 3-6,20,500,2024-02-08 15:51:59
Nick Courts 7 & 8,10,250,2024-02-08 15:51:59
Level 1 Fitness,41,130,2024-02-08 15:52:12
Level 2 Fitness,13,65,2024-02-08 15:52:12
Level 3 Fitness,49,246,2024-02-08 15:52:12
Level 4 Fitness,18,75,2024-02-08 15:52:12
Bakke Track,2,100,2024-02-08 15:52:12
Courts 1&2,0,250,2024-02-08 15:52:12
Courts 3&4,1,250,2024-02-08 15:52:12
Courts 5-8,4,500,2024-02-08 15:52:12
Orbit,10,46,2024-02-08 15:52:12
Willow Room,4,27,2024-02-08 15:52:12
Cove Pool,5,116,2024-02-08 15:52:12
Mount Mendota,7,39,2024-02-08 15:52:12
Skybox Suites,2,18,2024-02-08 15:52:12
SubZero Ice Center,2,300,2024-02-08 15:52:12
Nick Level 1 Fitness,45,150,2024-02-08 16:12:26
Nick Level 2 Fitness,40,100,2024-02-08 16:12:26
Nick Level 3 Fitness,85,200,2024-02-08 16:12:26
Nick Power House,45,140,2024-02-08 16:12:26
Nick Track,16,100,2024-02-08 16:12:26
Soderholm Family Aquatic Center,,,2024-02-08 16:12:26
Nick Courts 1 & 2,,,2024-02-08 16:12:26
Nick Courts 3-6,20,500,2024-02-08 16:12:26
Nick Courts 7 & 8,10,250,2024-02-08 16:12:26
Level 1 Fitness,41,130,2024-02-08 16:12:39
Level 2 Fitness,13,65,2024-02-08 16:12:39
Level 3 Fitness,49,246,2024-02-08 16:12:39
Level 4 Fitness,18,75,2024-02-08 16:12:39
Bakke Track,2,100,2024-02-08 16:12:39
Courts 1&2,0,250,2024-02-08 16:12:39
Courts 3&4,1,250,2024-02-08 16:12:39
Courts 5-8,4,500,2024-02-08 16:12:39
Orbit,10,46,2024-02-08 16:12:39
Willow Room,4,27,2024-02-08 16:12:39
Cove Pool,5,116,2024-02-08 16:12:39
Mount Mendota,7,39,2024-02-08 16:12:39
Skybox Suites,2,18,2024-02-08 16:12:39
SubZero Ice Center,15,300,2024-02-08 16:12:39
Nick Level 1 Fitness,45,150,2024-02-08 16:32:53
Nick Level 2 Fitness,40,100,2024-02-08 16:32:53
Nick Level 3 Fitness,85,200,2024-02-08 16:32:53
Nick Power House,45,140,2024-02-08 16:32:53
Nick Track,16,100,2024-02-08 16:32:53
Soderholm Family Aquatic Center,,,2024-02-08 16:32:53
Nick Courts 1 & 2,,,2024-02-08 16:32:53
Nick Courts 3-6,20,500,2024-02-08 16:32:53
Nick Courts 7 & 8,10,250,2024-02-08 16:32:53
Level 1 Fitness,41,130,2024-02-08 16:33:07
Level 2 Fitness,13,65,2024-02-08 16:33:07
Level 3 Fitness,49,246,2024-02-08 16:33:07
Level 4 Fitness,18,75,2024-02-08 16:33:07
Bakke Track,2,100,2024-02-08 16:33:07
Courts 1&2,0,250,2024-02-08 16:33:07
Courts 3&4,1,250,2024-02-08 16:33:07
Courts 5-8,4,500,2024-02-08 16:33:07
Orbit,10,46,2024-02-08 16:33:07
Willow Room,4,27,2024-02-08 16:33:07
Cove Pool,5,116,2024-02-08 16:33:07
Mount Mendota,7,39,2024-02-08 16:33:07
Skybox Suites,2,18,2024-02-08 16:33:07
SubZero Ice Center,15,300,2024-02-08 16:33:07
Nick Level 1 Fitness,45,150,2024-02-08 16:53:20
Nick Level 2 Fitness,40,100,2024-02-08 16:53:20
Nick Level 3 Fitness,130,200,2024-02-08 16:53:20
Nick Power House,60,140,2024-02-08 16:53:20
Nick Track,28,100,2024-02-08 16:53:20
Soderholm Family Aquatic Center,,,2024-02-08 16:53:20
Nick Courts 1 & 2,,,2024-02-08 16:53:20
Nick Courts 3-6,23,500,2024-02-08 16:53:20
Nick Courts 7 & 8,49,250,2024-02-08 16:53:20
Level 1 Fitness,43,130,2024-02-08 16:53:34
Level 2 Fitness,20,65,2024-02-08 16:53:34
Level 3 Fitness,56,246,2024-02-08 16:53:34
Level 4 Fitness,16,75,2024-02-08 16:53:34
Bakke Track,5,100,2024-02-08 16:53:34
Courts 1&2,14,250,2024-02-08 16:53:34
Courts 3&4,0,250,2024-02-08 16:53:34
Courts 5-8,8,500,2024-02-08 16:53:34
Orbit,20,46,2024-02-08 16:53:34
Willow Room,1,27,2024-02-08 16:53:34
Cove Pool,9,116,2024-02-08 16:53:34
Mount Mendota,8,39,2024-02-08 16:53:34
Skybox Suites,3,18,2024-02-08 16:53:34
SubZero Ice Center,15,300,2024-02-08 16:53:34
Nick Level 1 Fitness,45,150,2024-02-08 17:13:47
Nick Level 2 Fitness,40,100,2024-02-08 17:13:47
Nick Level 3 Fitness,130,200,2024-02-08 17:13:47
Nick Power House,60,140,2024-02-08 17:13:47
Nick Track,28,100,2024-02-08 17:13:47
Soderholm Family Aquatic Center,,,2024-02-08 17:13:47
Nick Courts 1 & 2,,,2024-02-08 17:13:47
Nick Courts 3-6,23,500,2024-02-08 17:13:47
Nick Courts 7 & 8,49,250,2024-02-08 17:13:47
Level 1 Fitness,43,130,2024-02-08 17:14:01
Level 2 Fitness,20,65,2024-02-08 17:14:01
Level 3 Fitness,56,246,2024-02-08 17:14:01
Level 4 Fitness,16,75,2024-02-08 17:14:01
Bakke Track,5,100,2024-02-08 17:14:01
Courts 1&2,14,250,2024-02-08 17:14:01
Courts 3&4,0,250,2024-02-08 17:14:01
Courts 5-8,8,500,2024-02-08 17:14:01
Orbit,20,46,2024-02-08 17:14:01
Willow Room,1,27,2024-02-08 17:14:01
Cove Pool,9,116,2024-02-08 17:14:01
Mount Mendota,8,39,2024-02-08 17:14:01
Skybox Suites,3,18,2024-02-08 17:14:01
SubZero Ice Center,25,300,2024-02-08 17:14:01
Nick Level 1 Fitness,45,150,2024-02-08 17:34:15
Nick Level 2 Fitness,40,100,2024-02-08 17:34:15
Nick Level 3 Fitness,130,200,2024-02-08 17:34:15
Nick Power House,60,140,2024-02-08 17:34:15
Nick Track,28,100,2024-02-08 17:34:15
Soderholm Family Aquatic Center,,,2024-02-08 17:34:15
Nick Courts 1 & 2,,,2024-02-08 17:34:15
Nick Courts 3-6,23,500,2024-02-08 17:34:15
Nick Courts 7 & 8,49,250,2024-02-08 17:34:15
Level 1 Fitness,43,130,2024-02-08 17:34:28
Level 2 Fitness,20,65,2024-02-08 17:34:28
Level 3 Fitness,56,246,2024-02-08 17:34:28
Level 4 Fitness,16,75,2024-02-08 17:34:28
Bakke Track,5,100,2024-02-08 17:34:28
Courts 1&2,14,250,2024-02-08 17:34:28
Courts 3&4,0,250,2024-02-08 17:34:28
Courts 5-8,8,500,2024-02-08 17:34:28
Orbit,20,46,2024-02-08 17:34:28
Willow Room,1,27,2024-02-08 17:34:28
Cove Pool,9,116,2024-02-08 17:34:28
Mount Mendota,8,39,2024-02-08 17:34:28
Skybox Suites,3,18,2024-02-08 17:34:28
SubZero Ice Center,25,300,2024-02-08 17:34:28
Nick Level 1 Fitness,55,150,2024-02-08 17:54:42
Nick Level 2 Fitness,55,100,2024-02-08 17:54:42
Nick Level 3 Fitness,120,200,2024-02-08 17:54:42
Nick Power House,70,140,2024-02-08 17:54:42
Nick Track,40,100,2024-02-08 17:54:42
Soderholm Family Aquatic Center,,,2024-02-08 17:54:42
Nick Courts 1 & 2,,,2024-02-08 17:54:42
Nick Courts 3-6,48,500,2024-02-08 17:54:42
Nick Courts 7 & 8,20,250,2024-02-08 17:54:42
Level 1 Fitness,55,130,2024-02-08 17:54:56
Level 2 Fitness,15,65,2024-02-08 17:54:56
Level 3 Fitness,67,246,2024-02-08 17:54:56
Level 4 Fitness,20,75,2024-02-08 17:54:56
Bakke Track,36,100,2024-02-08 17:54:56
Courts 1&2,22,250,2024-02-08 17:54:56
Courts 3&4,2,250,2024-02-08 17:54:56
Courts 5-8,23,500,2024-02-08 17:54:56
Orbit,25,46,2024-02-08 17:54:56
Willow Room,1,27,2024-02-08 17:54:56
Cove Pool,8,116,2024-02-08 17:54:56
Mount Mendota,20,39,2024-02-08 17:54:56
Skybox Suites,1,18,2024-02-08 17:54:56
SubZero Ice Center,25,300,2024-02-08 17:54:56
Nick Level 1 Fitness,55,150,2024-02-08 18:15:10
Nick Level 2 Fitness,55,100,2024-02-08 18:15:10
Nick Level 3 Fitness,120,200,2024-02-08 18:15:10
Nick Power House,70,140,2024-02-08 18:15:10
Nick Track,40,100,2024-02-08 18:15:10
Soderholm Family Aquatic Center,,,2024-02-08 18:15:10
Nick Courts 1 & 2,,,2024-02-08 18:15:10
Nick Courts 3-6,48,500,2024-02-08 18:15:10
Nick Courts 7 & 8,20,250,2024-02-08 18:15:10
Level 1 Fitness,55,130,2024-02-08 18:15:23
Level 2 Fitness,15,65,2024-02-08 18:15:23
Level 3 Fitness,67,246,2024-02-08 18:15:23
Level 4 Fitness,20,75,2024-02-08 18:15:23
Bakke Track,36,100,2024-02-08 18:15:23
Courts 1&2,22,250,2024-02-08 18:15:23
Courts 3&4,2,250,2024-02-08 18:15:23
Courts 5-8,23,500,2024-02-08 18:15:23
Orbit,25,46,2024-02-08 18:15:23
Willow Room,1,27,2024-02-08 18:15:23
Cove Pool,8,116,2024-02-08 18:15:23
Mount Mendota,20,39,2024-02-08 18:15:23
Skybox Suites,1,18,2024-02-08 18:15:23
SubZero Ice Center,25,300,2024-02-08 18:15:23
Nick Level 1 Fitness,43,150,2024-02-08 18:35:37
Nick Level 2 Fitness,38,100,2024-02-08 18:35:37
Nick Level 3 Fitness,136,200,2024-02-08 18:35:37
Nick Power House,72,140,2024-02-08 18:35:37
Nick Track,26,100,2024-02-08 18:35:37
Soderholm Family Aquatic Center,,,2024-02-08 18:35:37
Nick Courts 1 & 2,,,2024-02-08 18:35:37
Nick Courts 3-6,80,500,2024-02-08 18:35:37
Nick Courts 7 & 8,28,250,2024-02-08 18:35:37
Level 1 Fitness,77,130,2024-02-08 18:35:50
Level 2 Fitness,19,65,2024-02-08 18:35:50
Level 3 Fitness,62,246,2024-02-08 18:35:50
Level 4 Fitness,30,75,2024-02-08 18:35:50
Bakke Track,12,100,2024-02-08 18:35:50
Courts 1&2,25,250,2024-02-08 18:35:50
Courts 3&4,3,250,2024-02-08 18:35:50
Courts 5-8,83,500,2024-02-08 18:35:50
Orbit,23,46,2024-02-08 18:35:50
Willow Room,0,27,2024-02-08 18:35:50
Cove Pool,11,116,2024-02-08 18:35:50
Mount Mendota,42,39,2024-02-08 18:35:50
Skybox Suites,3,18,2024-02-08 18:35:50
SubZero Ice Center,12,300,2024-02-08 18:35:50
Nick Level 1 Fitness,43,150,2024-02-08 18:56:04
Nick Level 2 Fitness,38,100,2024-02-08 18:56:04
Nick Level 3 Fitness,136,200,2024-02-08 18:56:04
Nick Power House,72,140,2024-02-08 18:56:04
Nick Track,26,100,2024-02-08 18:56:04
Soderholm Family Aquatic Center,,,2024-02-08 18:56:04
Nick Courts 1 & 2,,,2024-02-08 18:56:04
Nick Courts 3-6,80,500,2024-02-08 18:56:04
Nick Courts 7 & 8,28,250,2024-02-08 18:56:04
Level 1 Fitness,77,130,2024-02-08 18:56:18
Level 2 Fitness,19,65,2024-02-08 18:56:18
Level 3 Fitness,62,246,2024-02-08 18:56:18
Level 4 Fitness,30,75,2024-02-08 18:56:18
Bakke Track,12,100,2024-02-08 18:56:18
Courts 1&2,25,250,2024-02-08 18:56:18
Courts 3&4,3,250,2024-02-08 18:56:18
Courts 5-8,83,500,2024-02-08 18:56:18
Orbit,23,46,2024-02-08 18:56:18
Willow Room,0,27,2024-02-08 18:56:18
Cove Pool,11,116,2024-02-08 18:56:18
Mount Mendota,42,39,2024-02-08 18:56:18
Skybox Suites,3,18,2024-02-08 18:56:18
SubZero Ice Center,12,300,2024-02-08 18:56:18
Nick Level 1 Fitness,36,150,2024-02-08 19:16:31
Nick Level 2 Fitness,24,100,2024-02-08 19:16:31
Nick Level 3 Fitness,123,200,2024-02-08 19:16:31
Nick Power House,62,140,2024-02-08 19:16:31
Nick Track,15,100,2024-02-08 19:16:31
Soderholm Family Aquatic Center,,,2024-02-08 19:16:31
Nick Courts 1 & 2,,,2024-02-08 19:16:31
Nick Courts 3-6,69,500,2024-02-08 19:16:31
Nick Courts 7 & 8,44,250,2024-02-08 19:16:31
Level 1 Fitness,77,130,2024-02-08 19:16:45
Level 2 Fitness,19,65,2024-02-08 19:16:45
Level 3 Fitness,62,246,2024-02-08 19:16:45
Level 4 Fitness,30,75,2024-02-08 19:16:45
Bakke Track,12,100,2024-02-08 19:16:45
Courts 1&2,25,250,2024-02-08 19:16:45
Courts 3&4,3,250,2024-02-08 19:16:45
Courts 5-8,83,500,2024-02-08 19:16:45
Orbit,23,46,2024-02-08 19:16:45
Willow Room,0,27,2024-02-08 19:16:45
Cove Pool,11,116,2024-02-08 19:16:45
Mount Mendota,42,39,2024-02-08 19:16:45
Skybox Suites,3,18,2024-02-08 19:16:45
SubZero Ice Center,15,300,2024-02-08 19:16:45
Nick Level 1 Fitness,36,150,2024-02-08 19:36:59
Nick Level 2 Fitness,24,100,2024-02-08 19:36:59
Nick Level 3 Fitness,123,200,2024-02-08 19:36:59
Nick Power House,62,140,2024-02-08 19:36:59
Nick Track,15,100,2024-02-08 19:36:59
Soderholm Family Aquatic Center,,,2024-02-08 19:36:59
Nick Courts 1 & 2,,,2024-02-08 19:36:59
Nick Courts 3-6,69,500,2024-02-08 19:36:59
Nick Courts 7 & 8,44,250,2024-02-08 19:36:59
Level 1 Fitness,59,130,2024-02-08 19:37:12
Level 2 Fitness,21,65,2024-02-08 19:37:12
Level 3 Fitness,64,246,2024-02-08 19:37:12
Level 4 Fitness,32,75,2024-02-08 19:37:12
Bakke Track,13,100,2024-02-08 19:37:12
Courts 1&2,19,250,2024-02-08 19:37:12
Courts 3&4,30,250,2024-02-08 19:37:12
Courts 5-8,93,500,2024-02-08 19:37:12
Orbit,21,46,2024-02-08 19:37:12
Willow Room,1,27,2024-02-08 19:37:12
Cove Pool,5,116,2024-02-08 19:37:12
Mount Mendota,16,39,2024-02-08 19:37:12
Skybox Suites,4,18,2024-02-08 19:37:12
SubZero Ice Center,2,300,2024-02-08 19:37:12
Nick Level 1 Fitness,0,150,2024-02-08 19:57:26
Nick Level 2 Fitness,0,100,2024-02-08 19:57:26
Nick Level 3 Fitness,0,200,2024-02-08 19:57:26
Nick Power House,0,140,2024-02-08 19:57:26
Nick Track,0,100,2024-02-08 19:57:26
Soderholm Family Aquatic Center,0,230,2024-02-08 19:57:26
Nick Courts 1 & 2,0,250,2024-02-08 19:57:26
Nick Courts 3-6,0,500,2024-02-08 19:57:26
Nick Courts 7 & 8,0,250,2024-02-08 19:57:26
Level 1 Fitness,59,130,2024-02-08 19:57:39
Level 2 Fitness,21,65,2024-02-08 19:57:39
Level 3 Fitness,64,246,2024-02-08 19:57:39
Level 4 Fitness,32,75,2024-02-08 19:57:39
Bakke Track,13,100,2024-02-08 19:57:39
Courts 1&2,19,250,2024-02-08 19:57:39
Courts 3&4,30,250,2024-02-08 19:57:39
Courts 5-8,93,500,2024-02-08 19:57:39
Orbit,21,46,2024-02-08 19:57:39
Willow Room,1,27,2024-02-08 19:57:39
Cove Pool,5,116,2024-02-08 19:57:39
Mount Mendota,16,39,2024-02-08 19:57:39
Skybox Suites,4,18,2024-02-08 19:57:39
SubZero Ice Center,2,300,2024-02-08 19:57:39
Nick Level 1 Fitness,34,150,2024-02-08 20:17:53
Nick Level 2 Fitness,34,100,2024-02-08 20:17:53
Nick Level 3 Fitness,94,200,2024-02-08 20:17:53
Nick Power House,58,140,2024-02-08 20:17:53
Nick Track,12,100,2024-02-08 20:17:53
Soderholm Family Aquatic Center,,,2024-02-08 20:17:53
Nick Courts 1 & 2,,,2024-02-08 20:17:53
Nick Courts 3-6,82,500,2024-02-08 20:17:53
Nick Courts 7 & 8,43,250,2024-02-08 20:17:53
Level 1 Fitness,59,130,2024-02-08 20:18:06
Level 2 Fitness,21,65,2024-02-08 20:18:06
Level 3 Fitness,64,246,2024-02-08 20:18:06
Level 4 Fitness,32,75,2024-02-08 20:18:06
Bakke Track,13,100,2024-02-08 20:18:06
Courts 1&2,19,250,2024-02-08 20:18:06
Courts 3&4,30,250,2024-02-08 20:18:06
Courts 5-8,93,500,2024-02-08 20:18:06
Orbit,21,46,2024-02-08 20:18:06
Willow Room,1,27,2024-02-08 20:18:06
Cove Pool,5,116,2024-02-08 20:18:06
Mount Mendota,16,39,2024-02-08 20:18:06
Skybox Suites,4,18,2024-02-08 20:18:06
SubZero Ice Center,40,300,2024-02-08 20:18:06
Nick Level 1 Fitness,34,150,2024-02-08 20:38:20
Nick Level 2 Fitness,34,100,2024-02-08 20:38:20
Nick Level 3 Fitness,94,200,2024-02-08 20:38:20
Nick Power House,58,140,2024-02-08 20:38:20
Nick Track,12,100,2024-02-08 20:38:20
Soderholm Family Aquatic Center,,,2024-02-08 20:38:20
Nick Courts 1 & 2,,,2024-02-08 20:38:20
Nick Courts 3-6,82,500,2024-02-08 20:38:20
Nick Courts 7 & 8,43,250,2024-02-08 20:38:20
Level 1 Fitness,59,130,2024-02-08 20:38:33
Level 2 Fitness,17,65,2024-02-08 20:38:33
Level 3 Fitness,57,246,2024-02-08 20:38:33
Level 4 Fitness,24,75,2024-02-08 20:38:33
Bakke Track,10,100,2024-02-08 20:38:33
Courts 1&2,19,250,2024-02-08 20:38:33
Courts 3&4,22,250,2024-02-08 20:38:33
Courts 5-8,36,500,2024-02-08 20:38:33
Orbit,11,46,2024-02-08 20:38:33
Willow Room,2,27,2024-02-08 20:38:33
Cove Pool,,,2024-02-08 20:38:33
Mount Mendota,,,2024-02-08 20:38:33
Skybox Suites,4,18,2024-02-08 20:38:33
SubZero Ice Center,26,300,2024-02-08 20:38:33
Nick Level 1 Fitness,34,150,2024-02-08 20:58:47
Nick Level 2 Fitness,34,100,2024-02-08 20:58:47
Nick Level 3 Fitness,94,200,2024-02-08 20:58:47
Nick Power House,58,140,2024-02-08 20:58:47
Nick Track,12,100,2024-02-08 20:58:47
Soderholm Family Aquatic Center,,,2024-02-08 20:58:47
Nick Courts 1 & 2,,,2024-02-08 20:58:47
Nick Courts 3-6,82,500,2024-02-08 20:58:47
Nick Courts 7 & 8,43,250,2024-02-08 20:58:47
Level 1 Fitness,59,130,2024-02-08 20:59:01
Level 2 Fitness,17,65,2024-02-08 20:59:01
Level 3 Fitness,57,246,2024-02-08 20:59:01
Level 4 Fitness,24,75,2024-02-08 20:59:01
Bakke Track,10,100,2024-02-08 20:59:01
Courts 1&2,19,250,2024-02-08 20:59:01
Courts 3&4,22,250,2024-02-08 20:59:01
Courts 5-8,36,500,2024-02-08 20:59:01
Orbit,11,46,2024-02-08 20:59:01
Willow Room,2,27,2024-02-08 20:59:01
Cove Pool,,,2024-02-08 20:59:01
Mount Mendota,10,39,2024-02-08 20:59:01
Skybox Suites,4,18,2024-02-08 20:59:01
SubZero Ice Center,26,300,2024-02-08 20:59:01
Nick Level 1 Fitness,34,150,2024-02-08 21:19:14
Nick Level 2 Fitness,34,100,2024-02-08 21:19:14
Nick Level 3 Fitness,94,200,2024-02-08 21:19:14
Nick Power House,58,140,2024-02-08 21:19:14
Nick Track,12,100,2024-02-08 21:19:14
Soderholm Family Aquatic Center,,,2024-02-08 21:19:14
Nick Courts 1 & 2,,,2024-02-08 21:19:14
Nick Courts 3-6,82,500,2024-02-08 21:19:14
Nick Courts 7 & 8,43,250,2024-02-08 21:19:14
Level 1 Fitness,59,130,2024-02-08 21:19:28
Level 2 Fitness,17,65,2024-02-08 21:19:28
Level 3 Fitness,57,246,2024-02-08 21:19:28
Level 4 Fitness,24,75,2024-02-08 21:19:28
Bakke Track,10,100,2024-02-08 21:19:28
Courts 1&2,19,250,2024-02-08 21:19:28
Courts 3&4,22,250,2024-02-08 21:19:28
Courts 5-8,36,500,2024-02-08 21:19:28
Orbit,11,46,2024-02-08 21:19:28
Willow Room,2,27,2024-02-08 21:19:28
Cove Pool,,,2024-02-08 21:19:28
Mount Mendota,10,39,2024-02-08 21:19:28
Skybox Suites,4,18,2024-02-08 21:19:28
SubZero Ice Center,26,300,2024-02-08 21:19:28
Nick Level 1 Fitness,31,150,2024-02-08 21:39:42
Nick Level 2 Fitness,21,100,2024-02-08 21:39:42
Nick Level 3 Fitness,69,200,2024-02-08 21:39:42
Nick Power House,25,140,2024-02-08 21:39:42
Nick Track,19,100,2024-02-08 21:39:42
Soderholm Family Aquatic Center,,,2024-02-08 21:39:42
Nick Courts 1 & 2,,,2024-02-08 21:39:42
Nick Courts 3-6,89,500,2024-02-08 21:39:42
Nick Courts 7 & 8,27,250,2024-02-08 21:39:42
Level 1 Fitness,59,130,2024-02-08 21:39:55
Level 2 Fitness,17,65,2024-02-08 21:39:55
Level 3 Fitness,57,246,2024-02-08 21:39:55
Level 4 Fitness,24,75,2024-02-08 21:39:55
Bakke Track,10,100,2024-02-08 21:39:55
Courts 1&2,19,250,2024-02-08 21:39:55
Courts 3&4,22,250,2024-02-08 21:39:55
Courts 5-8,36,500,2024-02-08 21:39:55
Orbit,11,46,2024-02-08 21:39:55
Willow Room,2,27,2024-02-08 21:39:55
Cove Pool,,,2024-02-08 21:39:55
Mount Mendota,10,39,2024-02-08 21:39:55
Skybox Suites,4,18,2024-02-08 21:39:55
SubZero Ice Center,26,300,2024-02-08 21:39:55
Nick Level 1 Fitness,31,150,2024-02-08 22:00:09
Nick Level 2 Fitness,21,100,2024-02-08 22:00:09
Nick Level 3 Fitness,69,200,2024-02-08 22:00:09
Nick Power House,25,140,2024-02-08 22:00:09
Nick Track,19,100,2024-02-08 22:00:09
Soderholm Family Aquatic Center,,,2024-02-08 22:00:09
Nick Courts 1 & 2,,,2024-02-08 22:00:09
Nick Courts 3-6,89,500,2024-02-08 22:00:09
Nick Courts 7 & 8,27,250,2024-02-08 22:00:09
Level 1 Fitness,35,130,2024-02-08 22:00:22
Level 2 Fitness,15,65,2024-02-08 22:00:22
Level 3 Fitness,40,246,2024-02-08 22:00:22
Level 4 Fitness,8,75,2024-02-08 22:00:22
Bakke Track,4,100,2024-02-08 22:00:22
Courts 1&2,17,250,2024-02-08 22:00:22
Courts 3&4,0,250,2024-02-08 22:00:22
Courts 5-8,46,500,2024-02-08 22:00:22
Orbit,14,46,2024-02-08 22:00:22
Willow Room,0,27,2024-02-08 22:00:22
Cove Pool,,,2024-02-08 22:00:22
Mount Mendota,12,39,2024-02-08 22:00:22
Skybox Suites,13,18,2024-02-08 22:00:22
SubZero Ice Center,10,300,2024-02-08 22:00:22
Nick Level 1 Fitness,31,150,2024-02-08 22:20:44
Nick Level 2 Fitness,21,100,2024-02-08 22:20:44
Nick Level 3 Fitness,69,200,2024-02-08 22:20:44
Nick Power House,25,140,2024-02-08 22:20:44
Nick Track,19,100,2024-02-08 22:20:44
Soderholm Family Aquatic Center,,,2024-02-08 22:20:44
Nick Courts 1 & 2,,,2024-02-08 22:20:44
Nick Courts 3-6,89,500,2024-02-08 22:20:44
Nick Courts 7 & 8,27,250,2024-02-08 22:20:44
Level 1 Fitness,35,130,2024-02-08 22:21:02
Level 2 Fitness,15,65,2024-02-08 22:21:02
Level 3 Fitness,40,246,2024-02-08 22:21:02
Level 4 Fitness,8,75,2024-02-08 22:21:02
Bakke Track,4,100,2024-02-08 22:21:02
Courts 1&2,17,250,2024-02-08 22:21:02
Courts 3&4,0,250,2024-02-08 22:21:02
Courts 5-8,46,500,2024-02-08 22:21:02
Orbit,14,46,2024-02-08 22:21:02
Willow Room,0,27,2024-02-08 22:21:02
Cove Pool,,,2024-02-08 22:21:02
Mount Mendota,12,39,2024-02-08 22:21:02
Skybox Suites,13,18,2024-02-08 22:21:02
SubZero Ice Center,28,300,2024-02-08 22:21:02
Nick Level 1 Fitness,31,150,2024-02-08 22:41:16
Nick Level 2 Fitness,21,100,2024-02-08 22:41:16
Nick Level 3 Fitness,69,200,2024-02-08 22:41:16
Nick Power House,25,140,2024-02-08 22:41:16
Nick Track,19,100,2024-02-08 22:41:16
Soderholm Family Aquatic Center,,,2024-02-08 22:41:16
Nick Courts 1 & 2,,,2024-02-08 22:41:16
Nick Courts 3-6,89,500,2024-02-08 22:41:16
Nick Courts 7 & 8,27,250,2024-02-08 22:41:16
Level 1 Fitness,35,130,2024-02-08 22:41:30
Level 2 Fitness,15,65,2024-02-08 22:41:30
Level 3 Fitness,40,246,2024-02-08 22:41:30
Level 4 Fitness,8,75,2024-02-08 22:41:30
Bakke Track,4,100,2024-02-08 22:41:30
Courts 1&2,17,250,2024-02-08 22:41:30
Courts 3&4,0,250,2024-02-08 22:41:30
Courts 5-8,46,500,2024-02-08 22:41:30
Orbit,14,46,2024-02-08 22:41:30
Willow Room,0,27,2024-02-08 22:41:30
Cove Pool,,,2024-02-08 22:41:30
Mount Mendota,12,39,2024-02-08 22:41:30
Skybox Suites,13,18,2024-02-08 22:41:30
SubZero Ice Center,28,300,2024-02-08 22:41:30
Nick Level 1 Fitness,29,150,2024-02-08 23:01:44
Nick Level 2 Fitness,24,100,2024-02-08 23:01:44
Nick Level 3 Fitness,76,200,2024-02-08 23:01:44
Nick Power House,39,140,2024-02-08 23:01:44
Nick Track,8,100,2024-02-08 23:01:44
Soderholm Family Aquatic Center,,,2024-02-08 23:01:44
Nick Courts 1 & 2,,,2024-02-08 23:01:44
Nick Courts 3-6,43,500,2024-02-08 23:01:44
Nick Courts 7 & 8,34,250,2024-02-08 23:01:44
Level 1 Fitness,35,130,2024-02-08 23:01:57
Level 2 Fitness,15,65,2024-02-08 23:01:57
Level 3 Fitness,40,246,2024-02-08 23:01:57
Level 4 Fitness,8,75,2024-02-08 23:01:57
Bakke Track,4,100,2024-02-08 23:01:57
Courts 1&2,17,250,2024-02-08 23:01:57
Courts 3&4,0,250,2024-02-08 23:01:57
Courts 5-8,46,500,2024-02-08 23:01:57
Orbit,14,46,2024-02-08 23:01:57
Willow Room,0,27,2024-02-08 23:01:57
Cove Pool,,,2024-02-08 23:01:57
Mount Mendota,12,39,2024-02-08 23:01:57
Skybox Suites,13,18,2024-02-08 23:01:57
SubZero Ice Center,28,300,2024-02-08 23:01:57
Nick Level 1 Fitness,29,150,2024-02-08 23:22:11
Nick Level 2 Fitness,24,100,2024-02-08 23:22:11
Nick Level 3 Fitness,76,200,2024-02-08 23:22:11
Nick Power House,39,140,2024-02-08 23:22:11
Nick Track,8,100,2024-02-08 23:22:11
Soderholm Family Aquatic Center,,,2024-02-08 23:22:11
Nick Courts 1 & 2,,,2024-02-08 23:22:11
Nick Courts 3-6,43,500,2024-02-08 23:22:11
Nick Courts 7 & 8,34,250,2024-02-08 23:22:11
Level 1 Fitness,33,130,2024-02-08 23:22:25
Level 2 Fitness,8,65,2024-02-08 23:22:25
Level 3 Fitness,18,246,2024-02-08 23:22:25
Level 4 Fitness,5,75,2024-02-08 23:22:25
Bakke Track,3,100,2024-02-08 23:22:25
Courts 1&2,18,250,2024-02-08 23:22:25
Courts 3&4,16,250,2024-02-08 23:22:25
Courts 5-8,40,500,2024-02-08 23:22:25
Orbit,12,46,2024-02-08 23:22:25
Willow Room,0,27,2024-02-08 23:22:25
Cove Pool,,,2024-02-08 23:22:25
Mount Mendota,,,2024-02-08 23:22:25
Skybox Suites,5,18,2024-02-08 23:22:25
SubZero Ice Center,20,300,2024-02-08 23:22:25
Nick Level 1 Fitness,31,150,2024-02-08 23:42:38
Nick Level 2 Fitness,21,100,2024-02-08 23:42:38
Nick Level 3 Fitness,41,200,2024-02-08 23:42:38
Nick Power House,28,140,2024-02-08 23:42:38
Nick Track,8,100,2024-02-08 23:42:38
Soderholm Family Aquatic Center,,,2024-02-08 23:42:38
Nick Courts 1 & 2,12,250,2024-02-08 23:42:38
Nick Courts 3-6,38,500,2024-02-08 23:42:38
Nick Courts 7 & 8,26,250,2024-02-08 23:42:38
Level 1 Fitness,33,130,2024-02-08 23:42:52
Level 2 Fitness,8,65,2024-02-08 23:42:52
Level 3 Fitness,18,246,2024-02-08 23:42:52
Level 4 Fitness,5,75,2024-02-08 23:42:52
Bakke Track,3,100,2024-02-08 23:42:52
Courts 1&2,18,250,2024-02-08 23:42:52
Courts 3&4,16,250,2024-02-08 23:42:52
Courts 5-8,40,500,2024-02-08 23:42:52
Orbit,12,46,2024-02-08 23:42:52
Willow Room,0,27,2024-02-08 23:42:52
Cove Pool,,,2024-02-08 23:42:52
Mount Mendota,,,2024-02-08 23:42:52
Skybox Suites,5,18,2024-02-08 23:42:52
SubZero Ice Center,20,300,2024-02-08 23:42:52
Nick Level 1 Fitness,31,150,2024-02-09 00:03:05
Nick Level 2 Fitness,21,100,2024-02-09 00:03:05
Nick Level 3 Fitness,41,200,2024-02-09 00:03:05
Nick Power House,28,140,2024-02-09 00:03:05
Nick Track,8,100,2024-02-09 00:03:05
Soderholm Family Aquatic Center,,,2024-02-09 00:03:05
Nick Courts 1 & 2,12,250,2024-02-09 00:03:05
Nick Courts 3-6,38,500,2024-02-09 00:03:05
Nick Courts 7 & 8,26,250,2024-02-09 00:03:05
Level 1 Fitness,33,130,2024-02-09 00:03:19
Level 2 Fitness,8,65,2024-02-09 00:03:19
Level 3 Fitness,18,246,2024-02-09 00:03:19
Level 4 Fitness,5,75,2024-02-09 00:03:19
Bakke Track,3,100,2024-02-09 00:03:19
Courts 1&2,18,250,2024-02-09 00:03:19
Courts 3&4,16,250,2024-02-09 00:03:19
Courts 5-8,40,500,2024-02-09 00:03:19
Orbit,12,46,2024-02-09 00:03:19
Willow Room,0,27,2024-02-09 00:03:19
Cove Pool,,,2024-02-09 00:03:19
Mount Mendota,,,2024-02-09 00:03:19
Skybox Suites,5,18,2024-02-09 00:03:19
SubZero Ice Center,20,300,2024-02-09 00:03:19
Nick Level 1 Fitness,31,150,2024-02-09 00:23:33
Nick Level 2 Fitness,21,100,2024-02-09 00:23:33
Nick Level 3 Fitness,41,200,2024-02-09 00:23:33
Nick Power House,28,140,2024-02-09 00:23:33
Nick Track,8,100,2024-02-09 00:23:33
Soderholm Family Aquatic Center,,,2024-02-09 00:23:33
Nick Courts 1 & 2,12,250,2024-02-09 00:23:33
Nick Courts 3-6,38,500,2024-02-09 00:23:33
Nick Courts 7 & 8,26,250,2024-02-09 00:23:33
Level 1 Fitness,33,130,2024-02-09 00:23:46
Level 2 Fitness,8,65,2024-02-09 00:23:46
Level 3 Fitness,18,246,2024-02-09 00:23:46
Level 4 Fitness,5,75,2024-02-09 00:23:46
Bakke Track,3,100,2024-02-09 00:23:46
Courts 1&2,18,250,2024-02-09 00:23:46
Courts 3&4,16,250,2024-02-09 00:23:46
Courts 5-8,40,500,2024-02-09 00:23:46
Orbit,12,46,2024-02-09 00:23:46
Willow Room,0,27,2024-02-09 00:23:46
Cove Pool,,,2024-02-09 00:23:46
Mount Mendota,,,2024-02-09 00:23:46
Skybox Suites,5,18,2024-02-09 00:23:46
SubZero Ice Center,20,300,2024-02-09 00:23:46
Nick Level 1 Fitness,31,150,2024-02-09 00:44:00
Nick Level 2 Fitness,21,100,2024-02-09 00:44:00
Nick Level 3 Fitness,41,200,2024-02-09 00:44:00
Nick Power House,28,140,2024-02-09 00:44:00
Nick Track,8,100,2024-02-09 00:44:00
Soderholm Family Aquatic Center,,,2024-02-09 00:44:00
Nick Courts 1 & 2,12,250,2024-02-09 00:44:00
Nick Courts 3-6,38,500,2024-02-09 00:44:00
Nick Courts 7 & 8,26,250,2024-02-09 00:44:00
Level 1 Fitness,33,130,2024-02-09 00:44:13
Level 2 Fitness,8,65,2024-02-09 00:44:13
Level 3 Fitness,18,246,2024-02-09 00:44:13
Level 4 Fitness,5,75,2024-02-09 00:44:13
Bakke Track,3,100,2024-02-09 00:44:13
Courts 1&2,18,250,2024-02-09 00:44:13
Courts 3&4,16,250,2024-02-09 00:44:13
Courts 5-8,40,500,2024-02-09 00:44:13
Orbit,12,46,2024-02-09 00:44:13
Willow Room,0,27,2024-02-09 00:44:13
Cove Pool,,,2024-02-09 00:44:13
Mount Mendota,,,2024-02-09 00:44:13
Skybox Suites,5,18,2024-02-09 00:44:13
SubZero Ice Center,20,300,2024-02-09 00:44:13
Nick Level 1 Fitness,31,150,2024-02-09 01:04:27
Nick Level 2 Fitness,21,100,2024-02-09 01:04:27
Nick Level 3 Fitness,41,200,2024-02-09 01:04:27
Nick Power House,28,140,2024-02-09 01:04:27
Nick Track,8,100,2024-02-09 01:04:27
Soderholm Family Aquatic Center,,,2024-02-09 01:04:27
Nick Courts 1 & 2,12,250,2024-02-09 01:04:27
Nick Courts 3-6,38,500,2024-02-09 01:04:27
Nick Courts 7 & 8,26,250,2024-02-09 01:04:27
Level 1 Fitness,33,130,2024-02-09 01:04:41
Level 2 Fitness,8,65,2024-02-09 01:04:41
Level 3 Fitness,18,246,2024-02-09 01:04:41
Level 4 Fitness,5,75,2024-02-09 01:04:41
Bakke Track,3,100,2024-02-09 01:04:41
Courts 1&2,18,250,2024-02-09 01:04:41
Courts 3&4,16,250,2024-02-09 01:04:41
Courts 5-8,40,500,2024-02-09 01:04:41
Orbit,12,46,2024-02-09 01:04:41
Willow Room,0,27,2024-02-09 01:04:41
Cove Pool,,,2024-02-09 01:04:41
Mount Mendota,,,2024-02-09 01:04:41
Skybox Suites,5,18,2024-02-09 01:04:41
SubZero Ice Center,20,300,2024-02-09 01:04:41
Nick Level 1 Fitness,31,150,2024-02-09 01:24:54
Nick Level 2 Fitness,21,100,2024-02-09 01:24:54
Nick Level 3 Fitness,41,200,2024-02-09 01:24:54
Nick Power House,28,140,2024-02-09 01:24:54
Nick Track,8,100,2024-02-09 01:24:54
Soderholm Family Aquatic Center,,,2024-02-09 01:24:54
Nick Courts 1 & 2,12,250,2024-02-09 01:24:54
Nick Courts 3-6,38,500,2024-02-09 01:24:54
Nick Courts 7 & 8,26,250,2024-02-09 01:24:54
Level 1 Fitness,33,130,2024-02-09 01:25:08
Level 2 Fitness,8,65,2024-02-09 01:25:08
Level 3 Fitness,18,246,2024-02-09 01:25:08
Level 4 Fitness,5,75,2024-02-09 01:25:08
Bakke Track,3,100,2024-02-09 01:25:08
Courts 1&2,18,250,2024-02-09 01:25:08
Courts 3&4,16,250,2024-02-09 01:25:08
Courts 5-8,40,500,2024-02-09 01:25:08
Orbit,12,46,2024-02-09 01:25:08
Willow Room,0,27,2024-02-09 01:25:08
Cove Pool,,,2024-02-09 01:25:08
Mount Mendota,,,2024-02-09 01:25:08
Skybox Suites,5,18,2024-02-09 01:25:08
SubZero Ice Center,20,300,2024-02-09 01:25:08
Nick Level 1 Fitness,31,150,2024-02-09 01:45:22
Nick Level 2 Fitness,21,100,2024-02-09 01:45:22
Nick Level 3 Fitness,41,200,2024-02-09 01:45:22
Nick Power House,28,140,2024-02-09 01:45:22
Nick Track,8,100,2024-02-09 01:45:22
Soderholm Family Aquatic Center,,,2024-02-09 01:45:22
Nick Courts 1 & 2,12,250,2024-02-09 01:45:22
Nick Courts 3-6,38,500,2024-02-09 01:45:22
Nick Courts 7 & 8,26,250,2024-02-09 01:45:22
Level 1 Fitness,33,130,2024-02-09 01:45:35
Level 2 Fitness,8,65,2024-02-09 01:45:35
Level 3 Fitness,18,246,2024-02-09 01:45:35
Level 4 Fitness,5,75,2024-02-09 01:45:35
Bakke Track,3,100,2024-02-09 01:45:35
Courts 1&2,18,250,2024-02-09 01:45:35
Courts 3&4,16,250,2024-02-09 01:45:35
Courts 5-8,40,500,2024-02-09 01:45:35
Orbit,12,46,2024-02-09 01:45:35
Willow Room,0,27,2024-02-09 01:45:35
Cove Pool,,,2024-02-09 01:45:35
Mount Mendota,,,2024-02-09 01:45:35
Skybox Suites,5,18,2024-02-09 01:45:35
SubZero Ice Center,20,300,2024-02-09 01:45:35
Nick Level 1 Fitness,31,150,2024-02-09 02:05:49
Nick Level 2 Fitness,21,100,2024-02-09 02:05:49
Nick Level 3 Fitness,41,200,2024-02-09 02:05:49
Nick Power House,28,140,2024-02-09 02:05:49
Nick Track,8,100,2024-02-09 02:05:49
Soderholm Family Aquatic Center,,,2024-02-09 02:05:49
Nick Courts 1 & 2,12,250,2024-02-09 02:05:49
Nick Courts 3-6,38,500,2024-02-09 02:05:49
Nick Courts 7 & 8,26,250,2024-02-09 02:05:49
Level 1 Fitness,33,130,2024-02-09 02:06:02
Level 2 Fitness,8,65,2024-02-09 02:06:02
Level 3 Fitness,18,246,2024-02-09 02:06:02
Level 4 Fitness,5,75,2024-02-09 02:06:02
Bakke Track,3,100,2024-02-09 02:06:02
Courts 1&2,18,250,2024-02-09 02:06:02
Courts 3&4,16,250,2024-02-09 02:06:02
Courts 5-8,40,500,2024-02-09 02:06:02
Orbit,12,46,2024-02-09 02:06:02
Willow Room,0,27,2024-02-09 02:06:02
Cove Pool,,,2024-02-09 02:06:02
Mount Mendota,,,2024-02-09 02:06:02
Skybox Suites,5,18,2024-02-09 02:06:02
SubZero Ice Center,20,300,2024-02-09 02:06:02
Nick Level 1 Fitness,31,150,2024-02-09 02:26:16
Nick Level 2 Fitness,21,100,2024-02-09 02:26:16
Nick Level 3 Fitness,41,200,2024-02-09 02:26:16
Nick Power House,28,140,2024-02-09 02:26:16
Nick Track,8,100,2024-02-09 02:26:16
Soderholm Family Aquatic Center,,,2024-02-09 02:26:16
Nick Courts 1 & 2,12,250,2024-02-09 02:26:16
Nick Courts 3-6,38,500,2024-02-09 02:26:16
Nick Courts 7 & 8,26,250,2024-02-09 02:26:16
Level 1 Fitness,33,130,2024-02-09 02:26:29
Level 2 Fitness,8,65,2024-02-09 02:26:29
Level 3 Fitness,18,246,2024-02-09 02:26:29
Level 4 Fitness,5,75,2024-02-09 02:26:29
Bakke Track,3,100,2024-02-09 02:26:29
Courts 1&2,18,250,2024-02-09 02:26:29
Courts 3&4,16,250,2024-02-09 02:26:29
Courts 5-8,40,500,2024-02-09 02:26:29
Orbit,12,46,2024-02-09 02:26:29
Willow Room,0,27,2024-02-09 02:26:29
Cove Pool,,,2024-02-09 02:26:29
Mount Mendota,,,2024-02-09 02:26:29
Skybox Suites,5,18,2024-02-09 02:26:29
SubZero Ice Center,20,300,2024-02-09 02:26:29
Nick Level 1 Fitness,31,150,2024-02-09 02:46:43
Nick Level 2 Fitness,21,100,2024-02-09 02:46:43
Nick Level 3 Fitness,41,200,2024-02-09 02:46:43
Nick Power House,28,140,2024-02-09 02:46:43
Nick Track,8,100,2024-02-09 02:46:43
Soderholm Family Aquatic Center,,,2024-02-09 02:46:43
Nick Courts 1 & 2,12,250,2024-02-09 02:46:43
Nick Courts 3-6,38,500,2024-02-09 02:46:43
Nick Courts 7 & 8,26,250,2024-02-09 02:46:43
Level 1 Fitness,33,130,2024-02-09 02:46:57
Level 2 Fitness,8,65,2024-02-09 02:46:57
Level 3 Fitness,18,246,2024-02-09 02:46:57
Level 4 Fitness,5,75,2024-02-09 02:46:57
Bakke Track,3,100,2024-02-09 02:46:57
Courts 1&2,18,250,2024-02-09 02:46:57
Courts 3&4,16,250,2024-02-09 02:46:57
Courts 5-8,40,500,2024-02-09 02:46:57
Orbit,12,46,2024-02-09 02:46:57
Willow Room,0,27,2024-02-09 02:46:57
Cove Pool,,,2024-02-09 02:46:57
Mount Mendota,,,2024-02-09 02:46:57
Skybox Suites,5,18,2024-02-09 02:46:57
SubZero Ice Center,20,300,2024-02-09 02:46:57
Nick Level 1 Fitness,31,150,2024-02-09 03:07:10
Nick Level 2 Fitness,21,100,2024-02-09 03:07:10
Nick Level 3 Fitness,41,200,2024-02-09 03:07:10
Nick Power House,28,140,2024-02-09 03:07:10
Nick Track,8,100,2024-02-09 03:07:10
Soderholm Family Aquatic Center,,,2024-02-09 03:07:10
Nick Courts 1 & 2,12,250,2024-02-09 03:07:10
Nick Courts 3-6,38,500,2024-02-09 03:07:10
Nick Courts 7 & 8,26,250,2024-02-09 03:07:10
Level 1 Fitness,33,130,2024-02-09 03:07:24
Level 2 Fitness,8,65,2024-02-09 03:07:24
Level 3 Fitness,18,246,2024-02-09 03:07:24
Level 4 Fitness,5,75,2024-02-09 03:07:24
Bakke Track,3,100,2024-02-09 03:07:24
Courts 1&2,18,250,2024-02-09 03:07:24
Courts 3&4,16,250,2024-02-09 03:07:24
Courts 5-8,40,500,2024-02-09 03:07:24
Orbit,12,46,2024-02-09 03:07:24
Willow Room,0,27,2024-02-09 03:07:24
Cove Pool,,,2024-02-09 03:07:24
Mount Mendota,,,2024-02-09 03:07:24
Skybox Suites,5,18,2024-02-09 03:07:24
SubZero Ice Center,20,300,2024-02-09 03:07:24
Nick Level 1 Fitness,31,150,2024-02-09 03:27:38
Nick Level 2 Fitness,21,100,2024-02-09 03:27:38
Nick Level 3 Fitness,41,200,2024-02-09 03:27:38
Nick Power House,28,140,2024-02-09 03:27:38
Nick Track,8,100,2024-02-09 03:27:38
Soderholm Family Aquatic Center,,,2024-02-09 03:27:38
Nick Courts 1 & 2,12,250,2024-02-09 03:27:38
Nick Courts 3-6,38,500,2024-02-09 03:27:38
Nick Courts 7 & 8,26,250,2024-02-09 03:27:38
Level 1 Fitness,33,130,2024-02-09 03:27:52
Level 2 Fitness,8,65,2024-02-09 03:27:52
Level 3 Fitness,18,246,2024-02-09 03:27:52
Level 4 Fitness,5,75,2024-02-09 03:27:52
Bakke Track,3,100,2024-02-09 03:27:52
Courts 1&2,18,250,2024-02-09 03:27:52
Courts 3&4,16,250,2024-02-09 03:27:52
Courts 5-8,40,500,2024-02-09 03:27:52
Orbit,12,46,2024-02-09 03:27:52
Willow Room,0,27,2024-02-09 03:27:52
Cove Pool,,,2024-02-09 03:27:52
Mount Mendota,,,2024-02-09 03:27:52
Skybox Suites,5,18,2024-02-09 03:27:52
SubZero Ice Center,20,300,2024-02-09 03:27:52
Nick Level 1 Fitness,31,150,2024-02-09 03:48:05
Nick Level 2 Fitness,21,100,2024-02-09 03:48:05
Nick Level 3 Fitness,41,200,2024-02-09 03:48:05
Nick Power House,28,140,2024-02-09 03:48:05
Nick Track,8,100,2024-02-09 03:48:05
Soderholm Family Aquatic Center,,,2024-02-09 03:48:05
Nick Courts 1 & 2,12,250,2024-02-09 03:48:05
Nick Courts 3-6,38,500,2024-02-09 03:48:05
Nick Courts 7 & 8,26,250,2024-02-09 03:48:05
Level 1 Fitness,33,130,2024-02-09 03:48:19
Level 2 Fitness,8,65,2024-02-09 03:48:19
Level 3 Fitness,18,246,2024-02-09 03:48:19
Level 4 Fitness,5,75,2024-02-09 03:48:19
Bakke Track,3,100,2024-02-09 03:48:19
Courts 1&2,18,250,2024-02-09 03:48:19
Courts 3&4,16,250,2024-02-09 03:48:19
Courts 5-8,40,500,2024-02-09 03:48:19
Orbit,12,46,2024-02-09 03:48:19
Willow Room,0,27,2024-02-09 03:48:19
Cove Pool,,,2024-02-09 03:48:19
Mount Mendota,,,2024-02-09 03:48:19
Skybox Suites,5,18,2024-02-09 03:48:19
SubZero Ice Center,20,300,2024-02-09 03:48:19
Nick Level 1 Fitness,31,150,2024-02-09 04:08:32
Nick Level 2 Fitness,21,100,2024-02-09 04:08:32
Nick Level 3 Fitness,41,200,2024-02-09 04:08:32
Nick Power House,28,140,2024-02-09 04:08:32
Nick Track,8,100,2024-02-09 04:08:32
Soderholm Family Aquatic Center,,,2024-02-09 04:08:32
Nick Courts 1 & 2,12,250,2024-02-09 04:08:32
Nick Courts 3-6,38,500,2024-02-09 04:08:32
Nick Courts 7 & 8,26,250,2024-02-09 04:08:32
Level 1 Fitness,33,130,2024-02-09 04:08:46
Level 2 Fitness,8,65,2024-02-09 04:08:46
Level 3 Fitness,18,246,2024-02-09 04:08:46
Level 4 Fitness,5,75,2024-02-09 04:08:46
Bakke Track,3,100,2024-02-09 04:08:46
Courts 1&2,18,250,2024-02-09 04:08:46
Courts 3&4,16,250,2024-02-09 04:08:46
Courts 5-8,40,500,2024-02-09 04:08:46
Orbit,12,46,2024-02-09 04:08:46
Willow Room,0,27,2024-02-09 04:08:46
Cove Pool,,,2024-02-09 04:08:46
Mount Mendota,,,2024-02-09 04:08:46
Skybox Suites,5,18,2024-02-09 04:08:46
SubZero Ice Center,20,300,2024-02-09 04:08:46
Nick Level 1 Fitness,31,150,2024-02-09 04:29:00
Nick Level 2 Fitness,21,100,2024-02-09 04:29:00
Nick Level 3 Fitness,41,200,2024-02-09 04:29:00
Nick Power House,28,140,2024-02-09 04:29:00
Nick Track,8,100,2024-02-09 04:29:00
Soderholm Family Aquatic Center,,,2024-02-09 04:29:00
Nick Courts 1 & 2,12,250,2024-02-09 04:29:00
Nick Courts 3-6,38,500,2024-02-09 04:29:00
Nick Courts 7 & 8,26,250,2024-02-09 04:29:00
Level 1 Fitness,33,130,2024-02-09 04:29:13
Level 2 Fitness,8,65,2024-02-09 04:29:13
Level 3 Fitness,18,246,2024-02-09 04:29:13
Level 4 Fitness,5,75,2024-02-09 04:29:13
Bakke Track,3,100,2024-02-09 04:29:13
Courts 1&2,18,250,2024-02-09 04:29:13
Courts 3&4,16,250,2024-02-09 04:29:13
Courts 5-8,40,500,2024-02-09 04:29:13
Orbit,12,46,2024-02-09 04:29:13
Willow Room,0,27,2024-02-09 04:29:13
Cove Pool,,,2024-02-09 04:29:13
Mount Mendota,,,2024-02-09 04:29:13
Skybox Suites,5,18,2024-02-09 04:29:13
SubZero Ice Center,20,300,2024-02-09 04:29:13
Nick Level 1 Fitness,31,150,2024-02-09 04:49:27
Nick Level 2 Fitness,21,100,2024-02-09 04:49:27
Nick Level 3 Fitness,41,200,2024-02-09 04:49:27
Nick Power House,28,140,2024-02-09 04:49:27
Nick Track,8,100,2024-02-09 04:49:27
Soderholm Family Aquatic Center,,,2024-02-09 04:49:27
Nick Courts 1 & 2,12,250,2024-02-09 04:49:27
Nick Courts 3-6,38,500,2024-02-09 04:49:27
Nick Courts 7 & 8,26,250,2024-02-09 04:49:27
Level 1 Fitness,33,130,2024-02-09 04:49:41
Level 2 Fitness,8,65,2024-02-09 04:49:41
Level 3 Fitness,18,246,2024-02-09 04:49:41
Level 4 Fitness,5,75,2024-02-09 04:49:41
Bakke Track,3,100,2024-02-09 04:49:41
Courts 1&2,18,250,2024-02-09 04:49:41
Courts 3&4,16,250,2024-02-09 04:49:41
Courts 5-8,40,500,2024-02-09 04:49:41
Orbit,12,46,2024-02-09 04:49:41
Willow Room,0,27,2024-02-09 04:49:41
Cove Pool,,,2024-02-09 04:49:41
Mount Mendota,,,2024-02-09 04:49:41
Skybox Suites,5,18,2024-02-09 04:49:41
SubZero Ice Center,20,300,2024-02-09 04:49:41
Nick Level 1 Fitness,31,150,2024-02-09 05:09:55
Nick Level 2 Fitness,21,100,2024-02-09 05:09:55
Nick Level 3 Fitness,41,200,2024-02-09 05:09:55
Nick Power House,28,140,2024-02-09 05:09:55
Nick Track,8,100,2024-02-09 05:09:55
Soderholm Family Aquatic Center,,,2024-02-09 05:09:55
Nick Courts 1 & 2,12,250,2024-02-09 05:09:55
Nick Courts 3-6,38,500,2024-02-09 05:09:55
Nick Courts 7 & 8,26,250,2024-02-09 05:09:55
Level 1 Fitness,33,130,2024-02-09 05:10:08
Level 2 Fitness,8,65,2024-02-09 05:10:08
Level 3 Fitness,18,246,2024-02-09 05:10:08
Level 4 Fitness,5,75,2024-02-09 05:10:08
Bakke Track,3,100,2024-02-09 05:10:08
Courts 1&2,18,250,2024-02-09 05:10:08
Courts 3&4,16,250,2024-02-09 05:10:08
Courts 5-8,40,500,2024-02-09 05:10:08
Orbit,12,46,2024-02-09 05:10:08
Willow Room,0,27,2024-02-09 05:10:08
Cove Pool,,,2024-02-09 05:10:08
Mount Mendota,,,2024-02-09 05:10:08
Skybox Suites,5,18,2024-02-09 05:10:08
SubZero Ice Center,20,300,2024-02-09 05:10:08
Nick Level 1 Fitness,31,150,2024-02-09 05:30:22
Nick Level 2 Fitness,21,100,2024-02-09 05:30:22
Nick Level 3 Fitness,41,200,2024-02-09 05:30:22
Nick Power House,28,140,2024-02-09 05:30:22
Nick Track,8,100,2024-02-09 05:30:22
Soderholm Family Aquatic Center,,,2024-02-09 05:30:22
Nick Courts 1 & 2,12,250,2024-02-09 05:30:22
Nick Courts 3-6,38,500,2024-02-09 05:30:22
Nick Courts 7 & 8,26,250,2024-02-09 05:30:22
Level 1 Fitness,33,130,2024-02-09 05:30:35
Level 2 Fitness,8,65,2024-02-09 05:30:35
Level 3 Fitness,18,246,2024-02-09 05:30:35
Level 4 Fitness,5,75,2024-02-09 05:30:35
Bakke Track,3,100,2024-02-09 05:30:35
Courts 1&2,18,250,2024-02-09 05:30:35
Courts 3&4,16,250,2024-02-09 05:30:35
Courts 5-8,40,500,2024-02-09 05:30:35
Orbit,12,46,2024-02-09 05:30:35
Willow Room,0,27,2024-02-09 05:30:35
Cove Pool,,,2024-02-09 05:30:35
Mount Mendota,,,2024-02-09 05:30:35
Skybox Suites,5,18,2024-02-09 05:30:35
SubZero Ice Center,20,300,2024-02-09 05:30:35
Nick Level 1 Fitness,31,150,2024-02-09 05:50:49
Nick Level 2 Fitness,21,100,2024-02-09 05:50:49
Nick Level 3 Fitness,41,200,2024-02-09 05:50:49
Nick Power House,28,140,2024-02-09 05:50:49
Nick Track,8,100,2024-02-09 05:50:49
Soderholm Family Aquatic Center,,,2024-02-09 05:50:49
Nick Courts 1 & 2,12,250,2024-02-09 05:50:49
Nick Courts 3-6,38,500,2024-02-09 05:50:49
Nick Courts 7 & 8,26,250,2024-02-09 05:50:49
Level 1 Fitness,33,130,2024-02-09 05:51:03
Level 2 Fitness,8,65,2024-02-09 05:51:03
Level 3 Fitness,18,246,2024-02-09 05:51:03
Level 4 Fitness,5,75,2024-02-09 05:51:03
Bakke Track,3,100,2024-02-09 05:51:03
Courts 1&2,18,250,2024-02-09 05:51:03
Courts 3&4,16,250,2024-02-09 05:51:03
Courts 5-8,40,500,2024-02-09 05:51:03
Orbit,12,46,2024-02-09 05:51:03
Willow Room,0,27,2024-02-09 05:51:03
Cove Pool,,,2024-02-09 05:51:03
Mount Mendota,,,2024-02-09 05:51:03
Skybox Suites,5,18,2024-02-09 05:51:03
SubZero Ice Center,20,300,2024-02-09 05:51:03
Nick Level 1 Fitness,31,150,2024-02-09 06:11:17
Nick Level 2 Fitness,21,100,2024-02-09 06:11:17
Nick Level 3 Fitness,41,200,2024-02-09 06:11:17
Nick Power House,28,140,2024-02-09 06:11:17
Nick Track,8,100,2024-02-09 06:11:17
Soderholm Family Aquatic Center,,,2024-02-09 06:11:17
Nick Courts 1 & 2,12,250,2024-02-09 06:11:17
Nick Courts 3-6,38,500,2024-02-09 06:11:17
Nick Courts 7 & 8,26,250,2024-02-09 06:11:17
Level 1 Fitness,33,130,2024-02-09 06:11:30
Level 2 Fitness,8,65,2024-02-09 06:11:30
Level 3 Fitness,18,246,2024-02-09 06:11:30
Level 4 Fitness,5,75,2024-02-09 06:11:30
Bakke Track,3,100,2024-02-09 06:11:30
Courts 1&2,18,250,2024-02-09 06:11:30
Courts 3&4,16,250,2024-02-09 06:11:30
Courts 5-8,40,500,2024-02-09 06:11:30
Orbit,12,46,2024-02-09 06:11:30
Willow Room,0,27,2024-02-09 06:11:30
Cove Pool,,,2024-02-09 06:11:30
Mount Mendota,,,2024-02-09 06:11:30
Skybox Suites,5,18,2024-02-09 06:11:30
SubZero Ice Center,20,300,2024-02-09 06:11:30
Nick Level 1 Fitness,20,150,2024-02-09 06:31:44
Nick Level 2 Fitness,14,100,2024-02-09 06:31:44
Nick Level 3 Fitness,25,200,2024-02-09 06:31:44
Nick Power House,22,140,2024-02-09 06:31:44
Nick Track,2,100,2024-02-09 06:31:44
Soderholm Family Aquatic Center,,,2024-02-09 06:31:44
Nick Courts 1 & 2,0,250,2024-02-09 06:31:44
Nick Courts 3-6,1,500,2024-02-09 06:31:44
Nick Courts 7 & 8,3,250,2024-02-09 06:31:44
Level 1 Fitness,11,130,2024-02-09 06:31:57
Level 2 Fitness,4,65,2024-02-09 06:31:57
Level 3 Fitness,18,246,2024-02-09 06:31:57
Level 4 Fitness,4,75,2024-02-09 06:31:57
Bakke Track,1,100,2024-02-09 06:31:57
Courts 1&2,0,250,2024-02-09 06:31:57
Courts 3&4,0,250,2024-02-09 06:31:57
Courts 5-8,0,500,2024-02-09 06:31:57
Orbit,5,46,2024-02-09 06:31:57
Willow Room,0,27,2024-02-09 06:31:57
Cove Pool,,,2024-02-09 06:31:57
Mount Mendota,,,2024-02-09 06:31:57
Skybox Suites,1,18,2024-02-09 06:31:57
SubZero Ice Center,0,300,2024-02-09 06:31:57
Nick Level 1 Fitness,20,150,2024-02-09 06:52:11
Nick Level 2 Fitness,14,100,2024-02-09 06:52:11
Nick Level 3 Fitness,25,200,2024-02-09 06:52:11
Nick Power House,22,140,2024-02-09 06:52:11
Nick Track,2,100,2024-02-09 06:52:11
Soderholm Family Aquatic Center,,,2024-02-09 06:52:11
Nick Courts 1 & 2,0,250,2024-02-09 06:52:11
Nick Courts 3-6,1,500,2024-02-09 06:52:11
Nick Courts 7 & 8,3,250,2024-02-09 06:52:11
Level 1 Fitness,11,130,2024-02-09 06:52:24
Level 2 Fitness,4,65,2024-02-09 06:52:24
Level 3 Fitness,18,246,2024-02-09 06:52:24
Level 4 Fitness,4,75,2024-02-09 06:52:24
Bakke Track,1,100,2024-02-09 06:52:24
Courts 1&2,0,250,2024-02-09 06:52:24
Courts 3&4,0,250,2024-02-09 06:52:24
Courts 5-8,0,500,2024-02-09 06:52:24
Orbit,5,46,2024-02-09 06:52:24
Willow Room,0,27,2024-02-09 06:52:24
Cove Pool,,,2024-02-09 06:52:24
Mount Mendota,,,2024-02-09 06:52:24
Skybox Suites,1,18,2024-02-09 06:52:24
SubZero Ice Center,0,300,2024-02-09 06:52:24
Nick Level 1 Fitness,20,150,2024-02-09 07:12:38
Nick Level 2 Fitness,14,100,2024-02-09 07:12:38
Nick Level 3 Fitness,25,200,2024-02-09 07:12:38
Nick Power House,22,140,2024-02-09 07:12:38
Nick Track,2,100,2024-02-09 07:12:38
Soderholm Family Aquatic Center,,,2024-02-09 07:12:38
Nick Courts 1 & 2,0,250,2024-02-09 07:12:38
Nick Courts 3-6,1,500,2024-02-09 07:12:38
Nick Courts 7 & 8,3,250,2024-02-09 07:12:38
Level 1 Fitness,11,130,2024-02-09 07:12:52
Level 2 Fitness,4,65,2024-02-09 07:12:52
Level 3 Fitness,18,246,2024-02-09 07:12:52
Level 4 Fitness,4,75,2024-02-09 07:12:52
Bakke Track,1,100,2024-02-09 07:12:52
Courts 1&2,0,250,2024-02-09 07:12:52
Courts 3&4,0,250,2024-02-09 07:12:52
Courts 5-8,0,500,2024-02-09 07:12:52
Orbit,5,46,2024-02-09 07:12:52
Willow Room,0,27,2024-02-09 07:12:52
Cove Pool,,,2024-02-09 07:12:52
Mount Mendota,,,2024-02-09 07:12:52
Skybox Suites,1,18,2024-02-09 07:12:52
SubZero Ice Center,0,300,2024-02-09 07:12:52
Nick Level 1 Fitness,28,150,2024-02-09 07:33:05
Nick Level 2 Fitness,18,100,2024-02-09 07:33:05
Nick Level 3 Fitness,65,200,2024-02-09 07:33:05
Nick Power House,38,140,2024-02-09 07:33:05
Nick Track,9,100,2024-02-09 07:33:05
Soderholm Family Aquatic Center,,,2024-02-09 07:33:05
Nick Courts 1 & 2,0,250,2024-02-09 07:33:05
Nick Courts 3-6,1,500,2024-02-09 07:33:05
Nick Courts 7 & 8,4,250,2024-02-09 07:33:05
Level 1 Fitness,19,130,2024-02-09 07:33:19
Level 2 Fitness,5,65,2024-02-09 07:33:19
Level 3 Fitness,16,246,2024-02-09 07:33:19
Level 4 Fitness,10,75,2024-02-09 07:33:19
Bakke Track,3,100,2024-02-09 07:33:19
Courts 1&2,0,250,2024-02-09 07:33:19
Courts 3&4,0,250,2024-02-09 07:33:19
Courts 5-8,1,500,2024-02-09 07:33:19
Orbit,2,46,2024-02-09 07:33:19
Willow Room,0,27,2024-02-09 07:33:19
Cove Pool,,,2024-02-09 07:33:19
Mount Mendota,,,2024-02-09 07:33:19
Skybox Suites,0,18,2024-02-09 07:33:19
SubZero Ice Center,0,300,2024-02-09 07:33:19
Nick Level 1 Fitness,28,150,2024-02-09 07:53:32
Nick Level 2 Fitness,18,100,2024-02-09 07:53:32
Nick Level 3 Fitness,65,200,2024-02-09 07:53:32
Nick Power House,38,140,2024-02-09 07:53:32
Nick Track,9,100,2024-02-09 07:53:32
Soderholm Family Aquatic Center,,,2024-02-09 07:53:32
Nick Courts 1 & 2,0,250,2024-02-09 07:53:32
Nick Courts 3-6,1,500,2024-02-09 07:53:32
Nick Courts 7 & 8,4,250,2024-02-09 07:53:32
Level 1 Fitness,19,130,2024-02-09 07:53:46
Level 2 Fitness,5,65,2024-02-09 07:53:46
Level 3 Fitness,16,246,2024-02-09 07:53:46
Level 4 Fitness,10,75,2024-02-09 07:53:46
Bakke Track,3,100,2024-02-09 07:53:46
Courts 1&2,0,250,2024-02-09 07:53:46
Courts 3&4,0,250,2024-02-09 07:53:46
Courts 5-8,1,500,2024-02-09 07:53:46
Orbit,2,46,2024-02-09 07:53:46
Willow Room,0,27,2024-02-09 07:53:46
Cove Pool,,,2024-02-09 07:53:46
Mount Mendota,,,2024-02-09 07:53:46
Skybox Suites,0,18,2024-02-09 07:53:46
SubZero Ice Center,0,300,2024-02-09 07:53:46
Nick Level 1 Fitness,28,150,2024-02-09 08:14:00
Nick Level 2 Fitness,18,100,2024-02-09 08:14:00
Nick Level 3 Fitness,65,200,2024-02-09 08:14:00
Nick Power House,38,140,2024-02-09 08:14:00
Nick Track,9,100,2024-02-09 08:14:00
Soderholm Family Aquatic Center,,,2024-02-09 08:14:00
Nick Courts 1 & 2,0,250,2024-02-09 08:14:00
Nick Courts 3-6,1,500,2024-02-09 08:14:00
Nick Courts 7 & 8,4,250,2024-02-09 08:14:00
Level 1 Fitness,19,130,2024-02-09 08:14:13
Level 2 Fitness,5,65,2024-02-09 08:14:13
Level 3 Fitness,16,246,2024-02-09 08:14:13
Level 4 Fitness,10,75,2024-02-09 08:14:13
Bakke Track,3,100,2024-02-09 08:14:13
Courts 1&2,0,250,2024-02-09 08:14:13
Courts 3&4,0,250,2024-02-09 08:14:13
Courts 5-8,1,500,2024-02-09 08:14:13
Orbit,2,46,2024-02-09 08:14:13
Willow Room,0,27,2024-02-09 08:14:13
Cove Pool,,,2024-02-09 08:14:13
Mount Mendota,,,2024-02-09 08:14:13
Skybox Suites,0,18,2024-02-09 08:14:13
SubZero Ice Center,14,300,2024-02-09 08:14:13
Nick Level 1 Fitness,31,150,2024-02-09 08:34:27
Nick Level 2 Fitness,23,100,2024-02-09 08:34:27
Nick Level 3 Fitness,60,200,2024-02-09 08:34:27
Nick Power House,33,140,2024-02-09 08:34:27
Nick Track,7,100,2024-02-09 08:34:27
Soderholm Family Aquatic Center,,,2024-02-09 08:34:27
Nick Courts 1 & 2,0,250,2024-02-09 08:34:27
Nick Courts 3-6,5,500,2024-02-09 08:34:27
Nick Courts 7 & 8,3,250,2024-02-09 08:34:27
Level 1 Fitness,26,130,2024-02-09 08:34:40
Level 2 Fitness,6,65,2024-02-09 08:34:40
Level 3 Fitness,34,246,2024-02-09 08:34:40
Level 4 Fitness,22,75,2024-02-09 08:34:40
Bakke Track,3,100,2024-02-09 08:34:40
Courts 1&2,,,2024-02-09 08:34:40
Courts 3&4,0,250,2024-02-09 08:34:40
Courts 5-8,1,500,2024-02-09 08:34:40
Orbit,8,46,2024-02-09 08:34:40
Willow Room,0,27,2024-02-09 08:34:40
Cove Pool,10,116,2024-02-09 08:34:40
Mount Mendota,,,2024-02-09 08:34:40
Skybox Suites,3,18,2024-02-09 08:34:40
SubZero Ice Center,,,2024-02-09 08:34:40
Nick Level 1 Fitness,31,150,2024-02-09 08:54:54
Nick Level 2 Fitness,23,100,2024-02-09 08:54:54
Nick Level 3 Fitness,60,200,2024-02-09 08:54:54
Nick Power House,33,140,2024-02-09 08:54:54
Nick Track,7,100,2024-02-09 08:54:54
Soderholm Family Aquatic Center,,,2024-02-09 08:54:54
Nick Courts 1 & 2,0,250,2024-02-09 08:54:54
Nick Courts 3-6,5,500,2024-02-09 08:54:54
Nick Courts 7 & 8,3,250,2024-02-09 08:54:54
Level 1 Fitness,26,130,2024-02-09 08:55:07
Level 2 Fitness,6,65,2024-02-09 08:55:07
Level 3 Fitness,34,246,2024-02-09 08:55:07
Level 4 Fitness,22,75,2024-02-09 08:55:07
Bakke Track,3,100,2024-02-09 08:55:07
Courts 1&2,,,2024-02-09 08:55:07
Courts 3&4,0,250,2024-02-09 08:55:07
Courts 5-8,1,500,2024-02-09 08:55:07
Orbit,8,46,2024-02-09 08:55:07
Willow Room,0,27,2024-02-09 08:55:07
Cove Pool,10,116,2024-02-09 08:55:07
Mount Mendota,,,2024-02-09 08:55:07
Skybox Suites,3,18,2024-02-09 08:55:07
SubZero Ice Center,,,2024-02-09 08:55:07
Nick Level 1 Fitness,31,150,2024-02-09 09:15:22
Nick Level 2 Fitness,23,100,2024-02-09 09:15:22
Nick Level 3 Fitness,60,200,2024-02-09 09:15:22
Nick Power House,33,140,2024-02-09 09:15:22
Nick Track,7,100,2024-02-09 09:15:22
Soderholm Family Aquatic Center,,,2024-02-09 09:15:22
Nick Courts 1 & 2,0,250,2024-02-09 09:15:22
Nick Courts 3-6,5,500,2024-02-09 09:15:22
Nick Courts 7 & 8,3,250,2024-02-09 09:15:22
Level 1 Fitness,26,130,2024-02-09 09:15:36
Level 2 Fitness,6,65,2024-02-09 09:15:36
Level 3 Fitness,34,246,2024-02-09 09:15:36
Level 4 Fitness,22,75,2024-02-09 09:15:36
Bakke Track,3,100,2024-02-09 09:15:36
Courts 1&2,,,2024-02-09 09:15:36
Courts 3&4,0,250,2024-02-09 09:15:36
Courts 5-8,1,500,2024-02-09 09:15:36
Orbit,8,46,2024-02-09 09:15:36
Willow Room,0,27,2024-02-09 09:15:36
Cove Pool,10,116,2024-02-09 09:15:36
Mount Mendota,,,2024-02-09 09:15:36
Skybox Suites,3,18,2024-02-09 09:15:36
SubZero Ice Center,,,2024-02-09 09:15:36
Nick Level 1 Fitness,29,150,2024-02-09 09:35:49
Nick Level 2 Fitness,28,100,2024-02-09 09:35:49
Nick Level 3 Fitness,53,200,2024-02-09 09:35:49
Nick Power House,42,140,2024-02-09 09:35:49
Nick Track,18,100,2024-02-09 09:35:49
Soderholm Family Aquatic Center,,,2024-02-09 09:35:49
Nick Courts 1 & 2,2,250,2024-02-09 09:35:49
Nick Courts 3-6,0,500,2024-02-09 09:35:49
Nick Courts 7 & 8,2,250,2024-02-09 09:35:49
Level 1 Fitness,17,130,2024-02-09 09:36:03
Level 2 Fitness,8,65,2024-02-09 09:36:03
Level 3 Fitness,27,246,2024-02-09 09:36:03
Level 4 Fitness,13,75,2024-02-09 09:36:03
Bakke Track,5,100,2024-02-09 09:36:03
Courts 1&2,,,2024-02-09 09:36:03
Courts 3&4,0,250,2024-02-09 09:36:03
Courts 5-8,0,500,2024-02-09 09:36:03
Orbit,6,46,2024-02-09 09:36:03
Willow Room,0,27,2024-02-09 09:36:03
Cove Pool,7,116,2024-02-09 09:36:03
Mount Mendota,,,2024-02-09 09:36:03
Skybox Suites,3,18,2024-02-09 09:36:03
SubZero Ice Center,,,2024-02-09 09:36:03
Nick Level 1 Fitness,29,150,2024-02-09 09:56:16
Nick Level 2 Fitness,28,100,2024-02-09 09:56:16
Nick Level 3 Fitness,53,200,2024-02-09 09:56:16
Nick Power House,42,140,2024-02-09 09:56:16
Nick Track,18,100,2024-02-09 09:56:16
Soderholm Family Aquatic Center,,,2024-02-09 09:56:16
Nick Courts 1 & 2,2,250,2024-02-09 09:56:16
Nick Courts 3-6,0,500,2024-02-09 09:56:16
Nick Courts 7 & 8,2,250,2024-02-09 09:56:16
Level 1 Fitness,17,130,2024-02-09 09:56:30
Level 2 Fitness,8,65,2024-02-09 09:56:30
Level 3 Fitness,27,246,2024-02-09 09:56:30
Level 4 Fitness,13,75,2024-02-09 09:56:30
Bakke Track,5,100,2024-02-09 09:56:30
Courts 1&2,,,2024-02-09 09:56:30
Courts 3&4,0,250,2024-02-09 09:56:30
Courts 5-8,0,500,2024-02-09 09:56:30
Orbit,6,46,2024-02-09 09:56:30
Willow Room,0,27,2024-02-09 09:56:30
Cove Pool,7,116,2024-02-09 09:56:30
Mount Mendota,,,2024-02-09 09:56:30
Skybox Suites,3,18,2024-02-09 09:56:30
SubZero Ice Center,,,2024-02-09 09:56:30
Nick Level 1 Fitness,26,150,2024-02-09 10:16:44
Nick Level 2 Fitness,39,100,2024-02-09 10:16:44
Nick Level 3 Fitness,65,200,2024-02-09 10:16:44
Nick Power House,29,140,2024-02-09 10:16:44
Nick Track,15,100,2024-02-09 10:16:44
Soderholm Family Aquatic Center,,,2024-02-09 10:16:44
Nick Courts 1 & 2,7,250,2024-02-09 10:16:44
Nick Courts 3-6,1,500,2024-02-09 10:16:44
Nick Courts 7 & 8,2,250,2024-02-09 10:16:44
Level 1 Fitness,17,130,2024-02-09 10:16:57
Level 2 Fitness,8,65,2024-02-09 10:16:57
Level 3 Fitness,27,246,2024-02-09 10:16:57
Level 4 Fitness,13,75,2024-02-09 10:16:57
Bakke Track,5,100,2024-02-09 10:16:57
Courts 1&2,,,2024-02-09 10:16:57
Courts 3&4,0,250,2024-02-09 10:16:57
Courts 5-8,0,500,2024-02-09 10:16:57
Orbit,6,46,2024-02-09 10:16:57
Willow Room,0,27,2024-02-09 10:16:57
Cove Pool,7,116,2024-02-09 10:16:57
Mount Mendota,,,2024-02-09 10:16:57
Skybox Suites,3,18,2024-02-09 10:16:57
SubZero Ice Center,,,2024-02-09 10:16:57
Nick Level 1 Fitness,26,150,2024-02-09 10:37:11
Nick Level 2 Fitness,39,100,2024-02-09 10:37:11
Nick Level 3 Fitness,65,200,2024-02-09 10:37:11
Nick Power House,29,140,2024-02-09 10:37:11
Nick Track,15,100,2024-02-09 10:37:11
Soderholm Family Aquatic Center,,,2024-02-09 10:37:11
Nick Courts 1 & 2,7,250,2024-02-09 10:37:11
Nick Courts 3-6,1,500,2024-02-09 10:37:11
Nick Courts 7 & 8,2,250,2024-02-09 10:37:11
Level 1 Fitness,13,130,2024-02-09 10:37:25
Level 2 Fitness,7,65,2024-02-09 10:37:25
Level 3 Fitness,31,246,2024-02-09 10:37:25
Level 4 Fitness,7,75,2024-02-09 10:37:25
Bakke Track,5,100,2024-02-09 10:37:25
Courts 1&2,,,2024-02-09 10:37:25
Courts 3&4,0,250,2024-02-09 10:37:25
Courts 5-8,4,500,2024-02-09 10:37:25
Orbit,5,46,2024-02-09 10:37:25
Willow Room,0,27,2024-02-09 10:37:25
Cove Pool,8,116,2024-02-09 10:37:25
Mount Mendota,,,2024-02-09 10:37:25
Skybox Suites,2,18,2024-02-09 10:37:25
SubZero Ice Center,,,2024-02-09 10:37:25
Nick Level 1 Fitness,26,150,2024-02-09 10:57:38
Nick Level 2 Fitness,39,100,2024-02-09 10:57:38
Nick Level 3 Fitness,65,200,2024-02-09 10:57:38
Nick Power House,29,140,2024-02-09 10:57:38
Nick Track,15,100,2024-02-09 10:57:38
Soderholm Family Aquatic Center,,,2024-02-09 10:57:38
Nick Courts 1 & 2,7,250,2024-02-09 10:57:38
Nick Courts 3-6,1,500,2024-02-09 10:57:38
Nick Courts 7 & 8,2,250,2024-02-09 10:57:38
Level 1 Fitness,13,130,2024-02-09 10:57:52
Level 2 Fitness,7,65,2024-02-09 10:57:52
Level 3 Fitness,31,246,2024-02-09 10:57:52
Level 4 Fitness,7,75,2024-02-09 10:57:52
Bakke Track,5,100,2024-02-09 10:57:52
Courts 1&2,,,2024-02-09 10:57:52
Courts 3&4,0,250,2024-02-09 10:57:52
Courts 5-8,4,500,2024-02-09 10:57:52
Orbit,5,46,2024-02-09 10:57:52
Willow Room,0,27,2024-02-09 10:57:52
Cove Pool,8,116,2024-02-09 10:57:52
Mount Mendota,,,2024-02-09 10:57:52
Skybox Suites,2,18,2024-02-09 10:57:52
SubZero Ice Center,,,2024-02-09 10:57:52
Nick Level 1 Fitness,26,150,2024-02-09 11:18:06
Nick Level 2 Fitness,39,100,2024-02-09 11:18:06
Nick Level 3 Fitness,65,200,2024-02-09 11:18:06
Nick Power House,29,140,2024-02-09 11:18:06
Nick Track,15,100,2024-02-09 11:18:06
Soderholm Family Aquatic Center,,,2024-02-09 11:18:06
Nick Courts 1 & 2,7,250,2024-02-09 11:18:06
Nick Courts 3-6,1,500,2024-02-09 11:18:06
Nick Courts 7 & 8,2,250,2024-02-09 11:18:06
Level 1 Fitness,34,130,2024-02-09 11:18:19
Level 2 Fitness,7,65,2024-02-09 11:18:19
Level 3 Fitness,30,246,2024-02-09 11:18:19
Level 4 Fitness,11,75,2024-02-09 11:18:19
Bakke Track,5,100,2024-02-09 11:18:19
Courts 1&2,,,2024-02-09 11:18:19
Courts 3&4,0,250,2024-02-09 11:18:19
Courts 5-8,8,500,2024-02-09 11:18:19
Orbit,9,46,2024-02-09 11:18:19
Willow Room,1,27,2024-02-09 11:18:19
Cove Pool,8,116,2024-02-09 11:18:19
Mount Mendota,,,2024-02-09 11:18:19
Skybox Suites,2,18,2024-02-09 11:18:19
SubZero Ice Center,14,300,2024-02-09 11:18:19
Nick Level 1 Fitness,27,150,2024-02-09 11:38:33
Nick Level 2 Fitness,29,100,2024-02-09 11:38:33
Nick Level 3 Fitness,55,200,2024-02-09 11:38:33
Nick Power House,26,140,2024-02-09 11:38:33
Nick Track,18,100,2024-02-09 11:38:33
Soderholm Family Aquatic Center,11,230,2024-02-09 11:38:33
Nick Courts 1 & 2,8,250,2024-02-09 11:38:33
Nick Courts 3-6,4,500,2024-02-09 11:38:33
Nick Courts 7 & 8,0,250,2024-02-09 11:38:33
Level 1 Fitness,34,130,2024-02-09 11:38:47
Level 2 Fitness,7,65,2024-02-09 11:38:47
Level 3 Fitness,30,246,2024-02-09 11:38:47
Level 4 Fitness,11,75,2024-02-09 11:38:47
Bakke Track,5,100,2024-02-09 11:38:47
Courts 1&2,,,2024-02-09 11:38:47
Courts 3&4,0,250,2024-02-09 11:38:47
Courts 5-8,8,500,2024-02-09 11:38:47
Orbit,9,46,2024-02-09 11:38:47
Willow Room,1,27,2024-02-09 11:38:47
Cove Pool,8,116,2024-02-09 11:38:47
Mount Mendota,,,2024-02-09 11:38:47
Skybox Suites,2,18,2024-02-09 11:38:47
SubZero Ice Center,14,300,2024-02-09 11:38:47
Nick Level 1 Fitness,27,150,2024-02-09 11:59:01
Nick Level 2 Fitness,29,100,2024-02-09 11:59:01
Nick Level 3 Fitness,55,200,2024-02-09 11:59:01
Nick Power House,26,140,2024-02-09 11:59:01
Nick Track,18,100,2024-02-09 11:59:01
Soderholm Family Aquatic Center,11,230,2024-02-09 11:59:01
Nick Courts 1 & 2,8,250,2024-02-09 11:59:01
Nick Courts 3-6,4,500,2024-02-09 11:59:01
Nick Courts 7 & 8,0,250,2024-02-09 11:59:01
Level 1 Fitness,34,130,2024-02-09 11:59:14
Level 2 Fitness,7,65,2024-02-09 11:59:14
Level 3 Fitness,30,246,2024-02-09 11:59:14
Level 4 Fitness,11,75,2024-02-09 11:59:14
Bakke Track,5,100,2024-02-09 11:59:14
Courts 1&2,,,2024-02-09 11:59:14
Courts 3&4,0,250,2024-02-09 11:59:14
Courts 5-8,8,500,2024-02-09 11:59:14
Orbit,9,46,2024-02-09 11:59:14
Willow Room,1,27,2024-02-09 11:59:14
Cove Pool,8,116,2024-02-09 11:59:14
Mount Mendota,,,2024-02-09 11:59:14
Skybox Suites,2,18,2024-02-09 11:59:14
SubZero Ice Center,14,300,2024-02-09 11:59:14
Nick Level 1 Fitness,30,150,2024-02-09 12:19:28
Nick Level 2 Fitness,32,100,2024-02-09 12:19:28
Nick Level 3 Fitness,57,200,2024-02-09 12:19:28
Nick Power House,27,140,2024-02-09 12:19:28
Nick Track,18,100,2024-02-09 12:19:28
Soderholm Family Aquatic Center,12,230,2024-02-09 12:19:28
Nick Courts 1 & 2,12,250,2024-02-09 12:19:28
Nick Courts 3-6,12,500,2024-02-09 12:19:28
Nick Courts 7 & 8,0,250,2024-02-09 12:19:28
Level 1 Fitness,29,130,2024-02-09 12:19:41
Level 2 Fitness,6,65,2024-02-09 12:19:41
Level 3 Fitness,27,246,2024-02-09 12:19:41
Level 4 Fitness,8,75,2024-02-09 12:19:41
Bakke Track,1,100,2024-02-09 12:19:41
Courts 1&2,2,250,2024-02-09 12:19:41
Courts 3&4,0,250,2024-02-09 12:19:41
Courts 5-8,34,500,2024-02-09 12:19:41
Orbit,11,46,2024-02-09 12:19:41
Willow Room,1,27,2024-02-09 12:19:41
Cove Pool,8,116,2024-02-09 12:19:41
Mount Mendota,0,39,2024-02-09 12:19:41
Skybox Suites,3,18,2024-02-09 12:19:41
SubZero Ice Center,36,300,2024-02-09 12:19:41
Nick Level 1 Fitness,30,150,2024-02-09 12:39:55
Nick Level 2 Fitness,32,100,2024-02-09 12:39:55
Nick Level 3 Fitness,57,200,2024-02-09 12:39:55
Nick Power House,27,140,2024-02-09 12:39:55
Nick Track,18,100,2024-02-09 12:39:55
Soderholm Family Aquatic Center,12,230,2024-02-09 12:39:55
Nick Courts 1 & 2,12,250,2024-02-09 12:39:55
Nick Courts 3-6,12,500,2024-02-09 12:39:55
Nick Courts 7 & 8,0,250,2024-02-09 12:39:55
Level 1 Fitness,29,130,2024-02-09 12:40:09
Level 2 Fitness,6,65,2024-02-09 12:40:09
Level 3 Fitness,27,246,2024-02-09 12:40:09
Level 4 Fitness,8,75,2024-02-09 12:40:09
Bakke Track,1,100,2024-02-09 12:40:09
Courts 1&2,2,250,2024-02-09 12:40:09
Courts 3&4,0,250,2024-02-09 12:40:09
Courts 5-8,34,500,2024-02-09 12:40:09
Orbit,11,46,2024-02-09 12:40:09
Willow Room,1,27,2024-02-09 12:40:09
Cove Pool,8,116,2024-02-09 12:40:09
Mount Mendota,0,39,2024-02-09 12:40:09
Skybox Suites,3,18,2024-02-09 12:40:09
SubZero Ice Center,36,300,2024-02-09 12:40:09
Nick Level 1 Fitness,31,150,2024-02-09 13:00:22
Nick Level 2 Fitness,26,100,2024-02-09 13:00:22
Nick Level 3 Fitness,46,200,2024-02-09 13:00:22
Nick Power House,32,140,2024-02-09 13:00:22
Nick Track,15,100,2024-02-09 13:00:22
Soderholm Family Aquatic Center,12,230,2024-02-09 13:00:22
Nick Courts 1 & 2,3,250,2024-02-09 13:00:22
Nick Courts 3-6,20,500,2024-02-09 13:00:22
Nick Courts 7 & 8,8,250,2024-02-09 13:00:22
Level 1 Fitness,29,130,2024-02-09 13:00:36
Level 2 Fitness,6,65,2024-02-09 13:00:36
Level 3 Fitness,27,246,2024-02-09 13:00:36
Level 4 Fitness,8,75,2024-02-09 13:00:36
Bakke Track,1,100,2024-02-09 13:00:36
Courts 1&2,2,250,2024-02-09 13:00:36
Courts 3&4,0,250,2024-02-09 13:00:36
Courts 5-8,34,500,2024-02-09 13:00:36
Orbit,11,46,2024-02-09 13:00:36
Willow Room,1,27,2024-02-09 13:00:36
Cove Pool,8,116,2024-02-09 13:00:36
Mount Mendota,0,39,2024-02-09 13:00:36
Skybox Suites,3,18,2024-02-09 13:00:36
SubZero Ice Center,36,300,2024-02-09 13:00:36
